--------------------------------------------------------
--  File created - יום חמישי-אוקטובר-01-2020   
--------------------------------------------------------
--------------------------------------------------------
--  DDL for Table DOCUMENTS
--------------------------------------------------------

  CREATE TABLE "MIZRAHI"."DOCUMENTS" 
   (	"DOC_ID" VARCHAR2(50 BYTE), 
	"USER_ID" VARCHAR2(50 BYTE), 
	"DOCUMENT_NAME" VARCHAR2(50 BYTE), 
	"IMAGE_URL" VARCHAR2(250 BYTE)
   ) SEGMENT CREATION IMMEDIATE 
  PCTFREE 10 PCTUSED 40 INITRANS 1 MAXTRANS 255 
 NOCOMPRESS LOGGING
  STORAGE(INITIAL 65536 NEXT 1048576 MINEXTENTS 1 MAXEXTENTS 2147483645
  PCTINCREASE 0 FREELISTS 1 FREELIST GROUPS 1
  BUFFER_POOL DEFAULT FLASH_CACHE DEFAULT CELL_FLASH_CACHE DEFAULT)
  TABLESPACE "USERS" ;
--------------------------------------------------------
--  DDL for Table DOCUMENTS_MARKERS
--------------------------------------------------------

  CREATE TABLE "MIZRAHI"."DOCUMENTS_MARKERS" 
   (	"DOC_ID" VARCHAR2(50 BYTE), 
	"MARKER_ID" VARCHAR2(50 BYTE), 
	"USER_ID" VARCHAR2(50 BYTE), 
	"MARKER_TYPE" VARCHAR2(50 BYTE), 
	"STROKE_COLOR" VARCHAR2(50 BYTE), 
	"BACKGROUND_COLOR" VARCHAR2(50 BYTE), 
	"X" VARCHAR2(50 BYTE), 
	"Y" VARCHAR2(50 BYTE), 
	"XRADIUS" VARCHAR2(50 BYTE), 
	"YRADIUS" VARCHAR2(50 BYTE)
   ) SEGMENT CREATION IMMEDIATE 
  PCTFREE 10 PCTUSED 40 INITRANS 1 MAXTRANS 255 
 NOCOMPRESS LOGGING
  STORAGE(INITIAL 65536 NEXT 1048576 MINEXTENTS 1 MAXEXTENTS 2147483645
  PCTINCREASE 0 FREELISTS 1 FREELIST GROUPS 1
  BUFFER_POOL DEFAULT FLASH_CACHE DEFAULT CELL_FLASH_CACHE DEFAULT)
  TABLESPACE "USERS" ;
--------------------------------------------------------
--  DDL for Table SHARED_DOCUMENTS
--------------------------------------------------------

  CREATE TABLE "MIZRAHI"."SHARED_DOCUMENTS" 
   (	"DOC_ID" VARCHAR2(50 BYTE), 
	"USER_ID" VARCHAR2(50 BYTE)
   ) SEGMENT CREATION IMMEDIATE 
  PCTFREE 10 PCTUSED 40 INITRANS 1 MAXTRANS 255 
 NOCOMPRESS LOGGING
  STORAGE(INITIAL 65536 NEXT 1048576 MINEXTENTS 1 MAXEXTENTS 2147483645
  PCTINCREASE 0 FREELISTS 1 FREELIST GROUPS 1
  BUFFER_POOL DEFAULT FLASH_CACHE DEFAULT CELL_FLASH_CACHE DEFAULT)
  TABLESPACE "USERS" ;
--------------------------------------------------------
--  DDL for Table USERS
--------------------------------------------------------

  CREATE TABLE "MIZRAHI"."USERS" 
   (	"USER_ID" VARCHAR2(50 BYTE), 
	"USER_NAME" VARCHAR2(50 BYTE), 
	"REMOVED" NUMBER DEFAULT 0
   ) SEGMENT CREATION IMMEDIATE 
  PCTFREE 10 PCTUSED 40 INITRANS 1 MAXTRANS 255 
 NOCOMPRESS LOGGING
  STORAGE(INITIAL 65536 NEXT 1048576 MINEXTENTS 1 MAXEXTENTS 2147483645
  PCTINCREASE 0 FREELISTS 1 FREELIST GROUPS 1
  BUFFER_POOL DEFAULT FLASH_CACHE DEFAULT CELL_FLASH_CACHE DEFAULT)
  TABLESPACE "USERS" ;
REM INSERTING into MIZRAHI.DOCUMENTS
SET DEFINE OFF;
Insert into MIZRAHI.DOCUMENTS (DOC_ID,USER_ID,DOCUMENT_NAME,IMAGE_URL) values ('bar_docID_2','bar@gmail.com','bar''s document2','https://d1csarkz8obe9u.cloudfront.net/posterpreviews/document-app-icon-or-logo-icon-design-template-7b6cac8de4b9abdd949f7643fe00924e_screen.jpg?ts=1576967977');
Insert into MIZRAHI.DOCUMENTS (DOC_ID,USER_ID,DOCUMENT_NAME,IMAGE_URL) values ('14eb6362-cbb1-49f0-b99f-f212d014f13d','romina@gmail.com','Romina1','http://res.cloudinary.com/dv5y7ngoy/image/upload/v1601318949/ae2581yeve3tcmhwxupz.jpg');
Insert into MIZRAHI.DOCUMENTS (DOC_ID,USER_ID,DOCUMENT_NAME,IMAGE_URL) values ('bar_docID_3','bar@gmail.com','bar''s document3','https://d1csarkz8obe9u.cloudfront.net/posterpreviews/document-app-icon-or-logo-icon-design-template-7b6cac8de4b9abdd949f7643fe00924e_screen.jpg?ts=1576967977');
Insert into MIZRAHI.DOCUMENTS (DOC_ID,USER_ID,DOCUMENT_NAME,IMAGE_URL) values ('alon_docID_2','alon@gmail.com','alon''s document2','https://d1csarkz8obe9u.cloudfront.net/posterpreviews/document-app-icon-or-logo-icon-design-template-7b6cac8de4b9abdd949f7643fe00924e_screen.jpg?ts=1576967977');
Insert into MIZRAHI.DOCUMENTS (DOC_ID,USER_ID,DOCUMENT_NAME,IMAGE_URL) values ('alon_docID_5','alon@gmail.com','alon''s document5','https://d1csarkz8obe9u.cloudfront.net/posterpreviews/document-app-icon-or-logo-icon-design-template-7b6cac8de4b9abdd949f7643fe00924e_screen.jpg?ts=1576967977');
Insert into MIZRAHI.DOCUMENTS (DOC_ID,USER_ID,DOCUMENT_NAME,IMAGE_URL) values ('alon_docID_1','alon@gmail.com','alon''s document1','https://d1csarkz8obe9u.cloudfront.net/posterpreviews/document-app-icon-or-logo-icon-design-template-7b6cac8de4b9abdd949f7643fe00924e_screen.jpg?ts=1576967977');
Insert into MIZRAHI.DOCUMENTS (DOC_ID,USER_ID,DOCUMENT_NAME,IMAGE_URL) values ('1ac4d3bf-44a2-4719-b4b5-6b08215a0cf3','alon@gmail.com','hgfkgvjl','http://res.cloudinary.com/dv5y7ngoy/image/upload/v1600788309/uo8d063qxda53rokonhh.jpg');
Insert into MIZRAHI.DOCUMENTS (DOC_ID,USER_ID,DOCUMENT_NAME,IMAGE_URL) values ('ac6f795e-d38f-4659-b9e0-62d6f06a23e9','bar@gmail.com','BarNewDoc','http://res.cloudinary.com/dv5y7ngoy/image/upload/v1601296845/sdshctlesk9mqimmhmqc.png');
Insert into MIZRAHI.DOCUMENTS (DOC_ID,USER_ID,DOCUMENT_NAME,IMAGE_URL) values ('5bc75d87-3c56-41c2-a4e5-be880154f5f8','alon@gmail.com','newDoc','http://res.cloudinary.com/dv5y7ngoy/image/upload/v1600787157/zjqt1ybcgn00v4gzzxhl.jpg');
Insert into MIZRAHI.DOCUMENTS (DOC_ID,USER_ID,DOCUMENT_NAME,IMAGE_URL) values ('4f1c34c1-81bb-4c28-ba5d-1dc0928cd9c4','bar@gmail.com','ddd','http://res.cloudinary.com/dv5y7ngoy/image/upload/v1600732847/dozcjchupdpquxzyqwwd.jpg');
Insert into MIZRAHI.DOCUMENTS (DOC_ID,USER_ID,DOCUMENT_NAME,IMAGE_URL) values ('bd223f20-45f2-47a0-aadb-ef2615dff222','bar@gmail.com','dddd','http://res.cloudinary.com/dv5y7ngoy/image/upload/v1600735938/agnuu3y1m3jdprkp6sas.png');
Insert into MIZRAHI.DOCUMENTS (DOC_ID,USER_ID,DOCUMENT_NAME,IMAGE_URL) values ('16293bc3-7af4-4930-b393-28ff4ef1bace','bar@gmail.com','WWWWW','http://res.cloudinary.com/dv5y7ngoy/image/upload/v1601370878/otnbjhxytud7rxvi9qzd.png');
REM INSERTING into MIZRAHI.DOCUMENTS_MARKERS
SET DEFINE OFF;
Insert into MIZRAHI.DOCUMENTS_MARKERS (DOC_ID,MARKER_ID,USER_ID,MARKER_TYPE,STROKE_COLOR,BACKGROUND_COLOR,X,Y,XRADIUS,YRADIUS) values ('bar_docID_3','98166eea-0cb5-43a7-9ad8-29779950514b','bar@gmail.com','ellipse','black','rgba(0,0,0,0)','61.03432225469333','62.93283582089552','16.439997726783734','15.641289819558928');
Insert into MIZRAHI.DOCUMENTS_MARKERS (DOC_ID,MARKER_ID,USER_ID,MARKER_TYPE,STROKE_COLOR,BACKGROUND_COLOR,X,Y,XRADIUS,YRADIUS) values ('14eb6362-cbb1-49f0-b99f-f212d014f13d','6fbccfc6-6c7d-4d33-824b-93a4579e8bb7','romina@gmail.com','ellipse','black','rgba(0,0,0,0)','87.87499542236328','171.61249694824218','8.417812442779532','10.813593711853027');
Insert into MIZRAHI.DOCUMENTS_MARKERS (DOC_ID,MARKER_ID,USER_ID,MARKER_TYPE,STROKE_COLOR,BACKGROUND_COLOR,X,Y,XRADIUS,YRADIUS) values ('14eb6362-cbb1-49f0-b99f-f212d014f13d','5e5647fd-b420-4407-b63b-223d4a56f5e1','romina@gmail.com','ellipse','black','rgba(247,2,2,0.16)','76.56067918304704','276.8239285721738','16.13540795269313','19.535860884136486');
Insert into MIZRAHI.DOCUMENTS_MARKERS (DOC_ID,MARKER_ID,USER_ID,MARKER_TYPE,STROKE_COLOR,BACKGROUND_COLOR,X,Y,XRADIUS,YRADIUS) values ('14eb6362-cbb1-49f0-b99f-f212d014f13d','75eec82f-a629-4c86-90d4-afafb2d973b8','romina@gmail.com','ellipse','black','rgba(247,2,2,0.16)','266.31350893587677','263.64143838968363','13.249963435750523','14.506306278812996');
Insert into MIZRAHI.DOCUMENTS_MARKERS (DOC_ID,MARKER_ID,USER_ID,MARKER_TYPE,STROKE_COLOR,BACKGROUND_COLOR,X,Y,XRADIUS,YRADIUS) values ('14eb6362-cbb1-49f0-b99f-f212d014f13d','67958f3a-09f5-45b6-8f21-1b949257479d','romina@gmail.com','ellipse','black','rgba(0,0,0,0)','123.15848598840101','67.80377053314785','16.777750045814393','15.119188294456539');
Insert into MIZRAHI.DOCUMENTS_MARKERS (DOC_ID,MARKER_ID,USER_ID,MARKER_TYPE,STROKE_COLOR,BACKGROUND_COLOR,X,Y,XRADIUS,YRADIUS) values ('14eb6362-cbb1-49f0-b99f-f212d014f13d','50ec03d2-c6a3-40ad-9ce0-ca2f681cc6bd','romina@gmail.com','ellipse','black','rgba(174,0,255,0.31)','273.4545408769087','328.56363636363636','23.569586693629795','20.50677685950413');
Insert into MIZRAHI.DOCUMENTS_MARKERS (DOC_ID,MARKER_ID,USER_ID,MARKER_TYPE,STROKE_COLOR,BACKGROUND_COLOR,X,Y,XRADIUS,YRADIUS) values ('14eb6362-cbb1-49f0-b99f-f212d014f13d','d7f54f67-9e9d-4e0a-adc9-500dc218ed19','romina@gmail.com','ellipse','black','rgba(238,255,0,0.43)','375.8882307164809','85.76470588235294','12.952508583200844','11.925605536332178');
Insert into MIZRAHI.DOCUMENTS_MARKERS (DOC_ID,MARKER_ID,USER_ID,MARKER_TYPE,STROKE_COLOR,BACKGROUND_COLOR,X,Y,XRADIUS,YRADIUS) values ('14eb6362-cbb1-49f0-b99f-f212d014f13d','27de9f28-82ac-4f4f-aa0b-5cb39fca3579','romina@gmail.com','ellipse','black','rgba(0,0,0,0)','284.23420594867906','141.18421052631578','10.008275563036625','10.635387811634372');
Insert into MIZRAHI.DOCUMENTS_MARKERS (DOC_ID,MARKER_ID,USER_ID,MARKER_TYPE,STROKE_COLOR,BACKGROUND_COLOR,X,Y,XRADIUS,YRADIUS) values ('14eb6362-cbb1-49f0-b99f-f212d014f13d','7ed59698-bd6a-49c6-9bc8-d49d04574a66','romina@gmail.com','ellipse','black','rgba(0,0,0,0)','110.9081035304714','235.1216216216216','12.736157717541065','13.93115412710007');
Insert into MIZRAHI.DOCUMENTS_MARKERS (DOC_ID,MARKER_ID,USER_ID,MARKER_TYPE,STROKE_COLOR,BACKGROUND_COLOR,X,Y,XRADIUS,YRADIUS) values ('14eb6362-cbb1-49f0-b99f-f212d014f13d','292f441f-be9f-450e-b127-26dee64812eb','romina@gmail.com','ellipse','black','rgba(0,0,0,0)','53.09687042236328','209.171875','7.085986256599426','12.403564453125');
Insert into MIZRAHI.DOCUMENTS_MARKERS (DOC_ID,MARKER_ID,USER_ID,MARKER_TYPE,STROKE_COLOR,BACKGROUND_COLOR,X,Y,XRADIUS,YRADIUS) values ('14eb6362-cbb1-49f0-b99f-f212d014f13d','184e6741-3ea9-422a-b1c8-bbbb83766b90','romina@gmail.com','ellipse','black','rgba(0,0,0,0)','310.014281136649','215.47619047619048','10.490135945430419','9.461451247165533');
Insert into MIZRAHI.DOCUMENTS_MARKERS (DOC_ID,MARKER_ID,USER_ID,MARKER_TYPE,STROKE_COLOR,BACKGROUND_COLOR,X,Y,XRADIUS,YRADIUS) values ('14eb6362-cbb1-49f0-b99f-f212d014f13d','f2abd3ab-bb97-4eef-8de3-f43f1c31f5b3','romina@gmail.com','ellipse','black','rgba(0,0,0,0)','448.84254861385267','407.1276595744681','13.378723306858808','14.074694431869627');
Insert into MIZRAHI.DOCUMENTS_MARKERS (DOC_ID,MARKER_ID,USER_ID,MARKER_TYPE,STROKE_COLOR,BACKGROUND_COLOR,X,Y,XRADIUS,YRADIUS) values ('14eb6362-cbb1-49f0-b99f-f212d014f13d','4201c6b1-91ce-4eb7-90cb-d2ad90fba579','romina@gmail.com','ellipse','black','rgba(0,0,0,0)','38.73938936175722','214.54545454545453','4.698255141357198','9.845730027548212');
Insert into MIZRAHI.DOCUMENTS_MARKERS (DOC_ID,MARKER_ID,USER_ID,MARKER_TYPE,STROKE_COLOR,BACKGROUND_COLOR,X,Y,XRADIUS,YRADIUS) values ('14eb6362-cbb1-49f0-b99f-f212d014f13d','d4da91d5-47e3-4f3e-acc5-f9bb76d1f4d4','romina@gmail.com','ellipse','black','rgba(0,0,0,0)','62.05624771118164','639.9375','7.866113245487213','16.0654296875');
Insert into MIZRAHI.DOCUMENTS_MARKERS (DOC_ID,MARKER_ID,USER_ID,MARKER_TYPE,STROKE_COLOR,BACKGROUND_COLOR,X,Y,XRADIUS,YRADIUS) values ('14eb6362-cbb1-49f0-b99f-f212d014f13d','dfdfea44-4b92-4a72-8017-91cc72feda46','romina@gmail.com','ellipse','black','rgba(0,0,0,0)','35.92499542236328','400.625','5.545312404632568','13.502604166666666');
Insert into MIZRAHI.DOCUMENTS_MARKERS (DOC_ID,MARKER_ID,USER_ID,MARKER_TYPE,STROKE_COLOR,BACKGROUND_COLOR,X,Y,XRADIUS,YRADIUS) values ('14eb6362-cbb1-49f0-b99f-f212d014f13d','269bbcdd-7b17-4aa4-a674-cd755e0d1a2e','romina@gmail.com','ellipse','black','rgba(0,0,0,0)','118.27272269509055','487.5272727272727','7.4125619002413075','14.706115702479341');
Insert into MIZRAHI.DOCUMENTS_MARKERS (DOC_ID,MARKER_ID,USER_ID,MARKER_TYPE,STROKE_COLOR,BACKGROUND_COLOR,X,Y,XRADIUS,YRADIUS) values ('14eb6362-cbb1-49f0-b99f-f212d014f13d','c4d9a047-b3ac-47bc-a5b9-e5cff23cd3f6','romina@gmail.com','ellipse','black','rgba(0,0,0,0)','90.05640567877354','467.46153846153845','6.750953202808785','15.796844181459566');
Insert into MIZRAHI.DOCUMENTS_MARKERS (DOC_ID,MARKER_ID,USER_ID,MARKER_TYPE,STROKE_COLOR,BACKGROUND_COLOR,X,Y,XRADIUS,YRADIUS) values ('14eb6362-cbb1-49f0-b99f-f212d014f13d','cb3f44c4-4c34-4b2b-8dd0-8a09919f47ea','romina@gmail.com','ellipse','black','rgba(0,0,0,0)','424.74736384341594','426.3157894736842','13.645706250727017','15.06094182825484');
Insert into MIZRAHI.DOCUMENTS_MARKERS (DOC_ID,MARKER_ID,USER_ID,MARKER_TYPE,STROKE_COLOR,BACKGROUND_COLOR,X,Y,XRADIUS,YRADIUS) values ('14eb6362-cbb1-49f0-b99f-f212d014f13d','2f8bd67d-b7b5-44b6-b9e1-64fba1757c58','romina@gmail.com','ellipse','black','rgba(0,0,0,0)','383.3238049461728','319.6666666666667','14.00657585472747','12.46825396825397');
Insert into MIZRAHI.DOCUMENTS_MARKERS (DOC_ID,MARKER_ID,USER_ID,MARKER_TYPE,STROKE_COLOR,BACKGROUND_COLOR,X,Y,XRADIUS,YRADIUS) values ('14eb6362-cbb1-49f0-b99f-f212d014f13d','99bb0719-f8ab-48b3-a009-bea31c5d98a5','romina@gmail.com','ellipse','black','rgba(0,145,255,0.38)','111.24374542236328','63.575','29.207070283889813','18.39609374999994');
Insert into MIZRAHI.DOCUMENTS_MARKERS (DOC_ID,MARKER_ID,USER_ID,MARKER_TYPE,STROKE_COLOR,BACKGROUND_COLOR,X,Y,XRADIUS,YRADIUS) values ('14eb6362-cbb1-49f0-b99f-f212d014f13d','d6857010-3d26-427d-b7dd-6eeeab2b99eb','romina@gmail.com','ellipse','black','rgba(0,145,255,0.38)','324.73518060754844','124.14814814814815','18.333281850618583','13.02469135802469');
Insert into MIZRAHI.DOCUMENTS_MARKERS (DOC_ID,MARKER_ID,USER_ID,MARKER_TYPE,STROKE_COLOR,BACKGROUND_COLOR,X,Y,XRADIUS,YRADIUS) values ('14eb6362-cbb1-49f0-b99f-f212d014f13d','519b21ae-5598-402b-9f23-4ca1e6fb1d63','romina@gmail.com','ellipse','black','rgba(0,0,0,0)','710.4587293957907','159.11904761904762','18.59812294682978','14.705026455026472');
Insert into MIZRAHI.DOCUMENTS_MARKERS (DOC_ID,MARKER_ID,USER_ID,MARKER_TYPE,STROKE_COLOR,BACKGROUND_COLOR,X,Y,XRADIUS,YRADIUS) values ('14eb6362-cbb1-49f0-b99f-f212d014f13d','52c90a2f-9d4e-48c7-9037-d1df0060082c','bar@gmail.com','ellipse','black','rgba(0,0,0,0)','NaN','Infinity','NaN','NaN');
Insert into MIZRAHI.DOCUMENTS_MARKERS (DOC_ID,MARKER_ID,USER_ID,MARKER_TYPE,STROKE_COLOR,BACKGROUND_COLOR,X,Y,XRADIUS,YRADIUS) values ('14eb6362-cbb1-49f0-b99f-f212d014f13d','74a29b90-01b1-4b8b-99d8-9ed51cd928b6','bar@gmail.com','ellipse','black','rgba(0,0,0,0)','465.4914847840654','758.0425531914893','12.949547257775246','16.578542326844723');
Insert into MIZRAHI.DOCUMENTS_MARKERS (DOC_ID,MARKER_ID,USER_ID,MARKER_TYPE,STROKE_COLOR,BACKGROUND_COLOR,X,Y,XRADIUS,YRADIUS) values ('14eb6362-cbb1-49f0-b99f-f212d014f13d','d14eb9d9-757c-488c-affa-f31267f72a54','bar@gmail.com','ellipse','black','rgba(0,0,0,0)','NaN','Infinity','NaN','NaN');
Insert into MIZRAHI.DOCUMENTS_MARKERS (DOC_ID,MARKER_ID,USER_ID,MARKER_TYPE,STROKE_COLOR,BACKGROUND_COLOR,X,Y,XRADIUS,YRADIUS) values ('14eb6362-cbb1-49f0-b99f-f212d014f13d','6a5efbd9-0cdd-46d9-8c80-7ac45bc672ef','bar@gmail.com','ellipse','black','rgba(0,0,0,0)','481.873524834128','717.8970588235294','13.863624500155868','17.045631487889256');
Insert into MIZRAHI.DOCUMENTS_MARKERS (DOC_ID,MARKER_ID,USER_ID,MARKER_TYPE,STROKE_COLOR,BACKGROUND_COLOR,X,Y,XRADIUS,YRADIUS) values ('14eb6362-cbb1-49f0-b99f-f212d014f13d','074e2c5c-1726-4eb4-a773-71bc5daa256f','bar@gmail.com','ellipse','black','rgba(0,0,0,0)','589.617068593095','672.0365853658536','14.752617433764653','16.331499107674002');
Insert into MIZRAHI.DOCUMENTS_MARKERS (DOC_ID,MARKER_ID,USER_ID,MARKER_TYPE,STROKE_COLOR,BACKGROUND_COLOR,X,Y,XRADIUS,YRADIUS) values ('14eb6362-cbb1-49f0-b99f-f212d014f13d','96e190d6-2737-4c7c-b0e7-fb5d6f7d569a','romina@gmail.com','ellipse','black','rgba(0,0,0,0)','535.9710480539422','626.6447368421053','15.078220161374585','14.792416897506943');
Insert into MIZRAHI.DOCUMENTS_MARKERS (DOC_ID,MARKER_ID,USER_ID,MARKER_TYPE,STROKE_COLOR,BACKGROUND_COLOR,X,Y,XRADIUS,YRADIUS) values ('14eb6362-cbb1-49f0-b99f-f212d014f13d','a48c3f2e-2d5e-4774-90f2-d90d824a29ec','bar@gmail.com','ellipse','black','rgba(0,0,0,0)','122.55823718060503','732.5274725274726','12.1679506802844','17.910880328462742');
Insert into MIZRAHI.DOCUMENTS_MARKERS (DOC_ID,MARKER_ID,USER_ID,MARKER_TYPE,STROKE_COLOR,BACKGROUND_COLOR,X,Y,XRADIUS,YRADIUS) values ('14eb6362-cbb1-49f0-b99f-f212d014f13d','9fefc3b2-f69d-42d2-bb1b-97d479f94a8a','bar@gmail.com','ellipse','black','rgba(0,0,0,0)','296.64614926851715','769.9871794871794','15.002366805217688','16.85913872452334');
Insert into MIZRAHI.DOCUMENTS_MARKERS (DOC_ID,MARKER_ID,USER_ID,MARKER_TYPE,STROKE_COLOR,BACKGROUND_COLOR,X,Y,XRADIUS,YRADIUS) values ('14eb6362-cbb1-49f0-b99f-f212d014f13d','bfd63dc6-7ca7-4ecb-81ee-c9e08a15be6d','romina@gmail.com','ellipse','black','rgba(0,0,0,0)','204.46215758452544','763.3918918918919','9.272132881894604','18.648100803506207');
Insert into MIZRAHI.DOCUMENTS_MARKERS (DOC_ID,MARKER_ID,USER_ID,MARKER_TYPE,STROKE_COLOR,BACKGROUND_COLOR,X,Y,XRADIUS,YRADIUS) values ('14eb6362-cbb1-49f0-b99f-f212d014f13d','7e1e5261-85c9-49bd-95fa-bcdb44b51204','romina@gmail.com','ellipse','black','rgba(0,0,0,0)','43.79999542236328','898','43.79999542236328','898');
Insert into MIZRAHI.DOCUMENTS_MARKERS (DOC_ID,MARKER_ID,USER_ID,MARKER_TYPE,STROKE_COLOR,BACKGROUND_COLOR,X,Y,XRADIUS,YRADIUS) values ('14eb6362-cbb1-49f0-b99f-f212d014f13d','1157fe83-21ce-4ad5-81fa-ac5e7ab791a0','romina@gmail.com','ellipse','black','rgba(0,0,0,0)','767.5866670481364','72.6','16.78311111619737','6.3226666666666675');
Insert into MIZRAHI.DOCUMENTS_MARKERS (DOC_ID,MARKER_ID,USER_ID,MARKER_TYPE,STROKE_COLOR,BACKGROUND_COLOR,X,Y,XRADIUS,YRADIUS) values ('16293bc3-7af4-4930-b393-28ff4ef1bace','d5320206-e118-44c6-a579-0fa5af54d864','romina@gmail.com','ellipse','black','rgba(0,0,0,0)','351.3882307164809','50.44117647058823','19.532525884238918','17.26427335640139');
Insert into MIZRAHI.DOCUMENTS_MARKERS (DOC_ID,MARKER_ID,USER_ID,MARKER_TYPE,STROKE_COLOR,BACKGROUND_COLOR,X,Y,XRADIUS,YRADIUS) values ('16293bc3-7af4-4930-b393-28ff4ef1bace','aa825fce-a16a-4f8c-9a19-aea6526de7ce','bar@gmail.com','ellipse','black','rgba(0,0,0,0)','336.1124954223633','636.984375','15.982226490974426','18.749755859375');
Insert into MIZRAHI.DOCUMENTS_MARKERS (DOC_ID,MARKER_ID,USER_ID,MARKER_TYPE,STROKE_COLOR,BACKGROUND_COLOR,X,Y,XRADIUS,YRADIUS) values ('16293bc3-7af4-4930-b393-28ff4ef1bace','c11dd81a-fe7e-4469-8553-08235708d1c4','romina@gmail.com','ellipse','black','rgba(0,0,0,0)','60.39999771118164','162.53658536585365','11.956097533063192','11.72516359309935');
Insert into MIZRAHI.DOCUMENTS_MARKERS (DOC_ID,MARKER_ID,USER_ID,MARKER_TYPE,STROKE_COLOR,BACKGROUND_COLOR,X,Y,XRADIUS,YRADIUS) values ('14eb6362-cbb1-49f0-b99f-f212d014f13d','9bb834de-0146-48cc-ba28-f8e923bc775d','romina@gmail.com','ellipse','black','rgba(0,0,0,0)','663.9999977111817','363.07272727272726','17.905454503839668','12.940495867768579');
Insert into MIZRAHI.DOCUMENTS_MARKERS (DOC_ID,MARKER_ID,USER_ID,MARKER_TYPE,STROKE_COLOR,BACKGROUND_COLOR,X,Y,XRADIUS,YRADIUS) values ('4f1c34c1-81bb-4c28-ba5d-1dc0928cd9c4','d34c8b0f-df1f-46dc-949b-cc879734b9fe','bar@gmail.com','ellipse','black','rgba(29,55,185,0.38)','701.4764736399931','423.49704966825595','38.88243949124562','38.759904709654286');
Insert into MIZRAHI.DOCUMENTS_MARKERS (DOC_ID,MARKER_ID,USER_ID,MARKER_TYPE,STROKE_COLOR,BACKGROUND_COLOR,X,Y,XRADIUS,YRADIUS) values ('bar_docID_3','62b4c37f-e3cd-48a3-bbb0-7fdd3b8cbcce','bar@gmail.com','rectangle','black','rgba(112,46,46,0.49)','546.1784529130115','159.70912771339147','111.1561437557535','72.59332046556874');
Insert into MIZRAHI.DOCUMENTS_MARKERS (DOC_ID,MARKER_ID,USER_ID,MARKER_TYPE,STROKE_COLOR,BACKGROUND_COLOR,X,Y,XRADIUS,YRADIUS) values ('alon_docID_5','818fde23-cb1e-4110-a538-618c3b25ff55','alon@gmail.com','ellipse','black','rgba(161,48,48,0.31)','629.9639374779873','233.61638428734952','39.297446972899046','38.01198587517556');
Insert into MIZRAHI.DOCUMENTS_MARKERS (DOC_ID,MARKER_ID,USER_ID,MARKER_TYPE,STROKE_COLOR,BACKGROUND_COLOR,X,Y,XRADIUS,YRADIUS) values ('alon_docID_5','0b98e11d-dc42-4bf5-8505-775198908a9f','alon@gmail.com','ellipse','black','rgba(0,0,0,0)','223.587237094311','193.06807595110953','55.09307385397588','37.24137599352743');
Insert into MIZRAHI.DOCUMENTS_MARKERS (DOC_ID,MARKER_ID,USER_ID,MARKER_TYPE,STROKE_COLOR,BACKGROUND_COLOR,X,Y,XRADIUS,YRADIUS) values ('alon_docID_5','5187a7bd-6996-4edc-86d7-0750245bc48f','alon@gmail.com','ellipse','#eeff00','rgba(226,40,40,0.45)','581.8526346307052','158.62630663420023','49.885318639866156','29.152215825553753');
Insert into MIZRAHI.DOCUMENTS_MARKERS (DOC_ID,MARKER_ID,USER_ID,MARKER_TYPE,STROKE_COLOR,BACKGROUND_COLOR,X,Y,XRADIUS,YRADIUS) values ('alon_docID_5','ff73b139-c6eb-432c-bde0-c1fd5f211416','alon@gmail.com','rectangle','#eeff00','rgba(81,89,148,0.45)','383.390292238598','135.37354477180924','84.1830579899559','76.08925578219828');
Insert into MIZRAHI.DOCUMENTS_MARKERS (DOC_ID,MARKER_ID,USER_ID,MARKER_TYPE,STROKE_COLOR,BACKGROUND_COLOR,X,Y,XRADIUS,YRADIUS) values ('14eb6362-cbb1-49f0-b99f-f212d014f13d','0cd9a12e-862b-44d2-9728-7e3d66805ee2','romina@gmail.com','ellipse','black','rgba(16,234,31,0.43)','56.219748508783034','112.60740435564959','10.484956504985739','11.975491503247618');
Insert into MIZRAHI.DOCUMENTS_MARKERS (DOC_ID,MARKER_ID,USER_ID,MARKER_TYPE,STROKE_COLOR,BACKGROUND_COLOR,X,Y,XRADIUS,YRADIUS) values ('14eb6362-cbb1-49f0-b99f-f212d014f13d','51b0be97-002d-4ebe-9749-3e60891e4414','romina@gmail.com','ellipse','black','rgba(255,0,0,0.61)','205.2457785548934','41.06024096385542','13.831818786479335','11.455944258963564');
Insert into MIZRAHI.DOCUMENTS_MARKERS (DOC_ID,MARKER_ID,USER_ID,MARKER_TYPE,STROKE_COLOR,BACKGROUND_COLOR,X,Y,XRADIUS,YRADIUS) values ('14eb6362-cbb1-49f0-b99f-f212d014f13d','f46cc4e8-38a0-4c04-9801-6f786f94a14f','romina@gmail.com','ellipse','black','rgba(0,0,0,0)','75.68888431125217','18.194444444444443','6.386419625929844','3.310956790123457');
Insert into MIZRAHI.DOCUMENTS_MARKERS (DOC_ID,MARKER_ID,USER_ID,MARKER_TYPE,STROKE_COLOR,BACKGROUND_COLOR,X,Y,XRADIUS,YRADIUS) values ('14eb6362-cbb1-49f0-b99f-f212d014f13d','24ef3bad-a311-4930-b003-fb92c556a4e8','romina@gmail.com','ellipse','black','rgba(0,0,0,0)','227.11883600207344','277.9710144927536','7.846922849011357','10.957361898760764');
Insert into MIZRAHI.DOCUMENTS_MARKERS (DOC_ID,MARKER_ID,USER_ID,MARKER_TYPE,STROKE_COLOR,BACKGROUND_COLOR,X,Y,XRADIUS,YRADIUS) values ('14eb6362-cbb1-49f0-b99f-f212d014f13d','5123c1d9-f2b7-4b6b-b69a-2bacbfd068d3','romina@gmail.com','ellipse','black','rgba(0,0,0,0)','123.3869519441024','269.3695652173913','6.479111431677085','11.284971644612478');
Insert into MIZRAHI.DOCUMENTS_MARKERS (DOC_ID,MARKER_ID,USER_ID,MARKER_TYPE,STROKE_COLOR,BACKGROUND_COLOR,X,Y,XRADIUS,YRADIUS) values ('14eb6362-cbb1-49f0-b99f-f212d014f13d','6a05e4ea-192a-43ef-8ecf-be9dd972ae1b','romina@gmail.com','ellipse','black','rgba(0,0,0,0)','156.77916208902994','441.1041666666667','7.581336710188135','14.42751736111112');
Insert into MIZRAHI.DOCUMENTS_MARKERS (DOC_ID,MARKER_ID,USER_ID,MARKER_TYPE,STROKE_COLOR,BACKGROUND_COLOR,X,Y,XRADIUS,YRADIUS) values ('14eb6362-cbb1-49f0-b99f-f212d014f13d','5c2cd07c-9a80-423f-a8cb-f616e8d2779b','romina@gmail.com','ellipse','black','rgba(0,0,0,0)','351.57499542236326','150.175','11.598124885559084','7.661874999999999');
Insert into MIZRAHI.DOCUMENTS_MARKERS (DOC_ID,MARKER_ID,USER_ID,MARKER_TYPE,STROKE_COLOR,BACKGROUND_COLOR,X,Y,XRADIUS,YRADIUS) values ('14eb6362-cbb1-49f0-b99f-f212d014f13d','0e03dc66-88ce-434a-b941-5d19ffcbbb5e','romina@gmail.com','ellipse','black','rgba(0,0,0,0)','163.85901410462426','754.0491803278688','11.69239448008118','17.94275732330021');
Insert into MIZRAHI.DOCUMENTS_MARKERS (DOC_ID,MARKER_ID,USER_ID,MARKER_TYPE,STROKE_COLOR,BACKGROUND_COLOR,X,Y,XRADIUS,YRADIUS) values ('14eb6362-cbb1-49f0-b99f-f212d014f13d','db4e5de4-78b2-4791-b631-bcff225e41bb','romina@gmail.com','ellipse','black','rgba(0,0,0,0)','172.0666643778483','78.5925925925926','8.630864155145346','7.085048010973935');
Insert into MIZRAHI.DOCUMENTS_MARKERS (DOC_ID,MARKER_ID,USER_ID,MARKER_TYPE,STROKE_COLOR,BACKGROUND_COLOR,X,Y,XRADIUS,YRADIUS) values ('14eb6362-cbb1-49f0-b99f-f212d014f13d','1c5e5aa0-078f-4636-8ed3-af3f22bbc055','romina@gmail.com','ellipse','black','rgba(0,0,0,0)','38.91063600905398','458.5744680851064','6.6033498833977085','14.890448166591206');
Insert into MIZRAHI.DOCUMENTS_MARKERS (DOC_ID,MARKER_ID,USER_ID,MARKER_TYPE,STROKE_COLOR,BACKGROUND_COLOR,X,Y,XRADIUS,YRADIUS) values ('14eb6362-cbb1-49f0-b99f-f212d014f13d','37989a76-e09d-4eba-8bf7-d3e3bc72a776','romina@gmail.com','ellipse','black','rgba(0,0,0,0)','595.7523763747442','50.61904761904762','22.146031637040394','6.479591836734693');
Insert into MIZRAHI.DOCUMENTS_MARKERS (DOC_ID,MARKER_ID,USER_ID,MARKER_TYPE,STROKE_COLOR,BACKGROUND_COLOR,X,Y,XRADIUS,YRADIUS) values ('14eb6362-cbb1-49f0-b99f-f212d014f13d','39d18261-7c45-4861-b059-51fd04f5d5b8','romina@gmail.com','ellipse','black','rgba(0,0,0,0)','740.6139527254327','102.30232558139535','18.927780776490646','12.240310077519357');
Insert into MIZRAHI.DOCUMENTS_MARKERS (DOC_ID,MARKER_ID,USER_ID,MARKER_TYPE,STROKE_COLOR,BACKGROUND_COLOR,X,Y,XRADIUS,YRADIUS) values ('14eb6362-cbb1-49f0-b99f-f212d014f13d','d23cb034-8534-4180-8b66-f2bd7fbadbfe','romina@gmail.com','ellipse','black','rgba(224,21,21,0.46)','NaN','Infinity','NaN','NaN');
Insert into MIZRAHI.DOCUMENTS_MARKERS (DOC_ID,MARKER_ID,USER_ID,MARKER_TYPE,STROKE_COLOR,BACKGROUND_COLOR,X,Y,XRADIUS,YRADIUS) values ('14eb6362-cbb1-49f0-b99f-f212d014f13d','1852611f-5b42-4851-a0e8-1a8b1d9652c4','romina@gmail.com','ellipse','black','rgba(0,0,0,0)','235.85713827950613','762.5','9.73918360807458','16.964285714285715');
Insert into MIZRAHI.DOCUMENTS_MARKERS (DOC_ID,MARKER_ID,USER_ID,MARKER_TYPE,STROKE_COLOR,BACKGROUND_COLOR,X,Y,XRADIUS,YRADIUS) values ('14eb6362-cbb1-49f0-b99f-f212d014f13d','9178e9c7-d3de-460a-a1c8-467cc81c89d1','bar@gmail.com','ellipse','black','rgba(0,0,0,0)','267.94285256522045','769.7460317460317','12.788208544119163','18.698916603678523');
Insert into MIZRAHI.DOCUMENTS_MARKERS (DOC_ID,MARKER_ID,USER_ID,MARKER_TYPE,STROKE_COLOR,BACKGROUND_COLOR,X,Y,XRADIUS,YRADIUS) values ('14eb6362-cbb1-49f0-b99f-f212d014f13d','76fa467a-fd88-40b9-9a57-2f59054c2f95','bar@gmail.com','ellipse','black','rgba(0,0,0,0)','709.5212060176965','60.43939393939394','16.83021111046099','7.35514233241506');
Insert into MIZRAHI.DOCUMENTS_MARKERS (DOC_ID,MARKER_ID,USER_ID,MARKER_TYPE,STROKE_COLOR,BACKGROUND_COLOR,X,Y,XRADIUS,YRADIUS) values ('14eb6362-cbb1-49f0-b99f-f212d014f13d','d49a01c0-2d0f-46e0-95e4-89e08ce2a773','bar@gmail.com','ellipse','black','rgba(0,0,0,0)','734.6589224679129','677.8482142857143','18.126578389381894','20.106584821428577');
Insert into MIZRAHI.DOCUMENTS_MARKERS (DOC_ID,MARKER_ID,USER_ID,MARKER_TYPE,STROKE_COLOR,BACKGROUND_COLOR,X,Y,XRADIUS,YRADIUS) values ('14eb6362-cbb1-49f0-b99f-f212d014f13d','1ba2018f-eee3-4c01-96b0-9aec4ab62b45','romina@gmail.com','ellipse','black','rgba(0,0,0,0)','244.114281136649','626.1142857142858','10.32489789378886','18.60489795918368');
Insert into MIZRAHI.DOCUMENTS_MARKERS (DOC_ID,MARKER_ID,USER_ID,MARKER_TYPE,STROKE_COLOR,BACKGROUND_COLOR,X,Y,XRADIUS,YRADIUS) values ('14eb6362-cbb1-49f0-b99f-f212d014f13d','6bc83ddf-eacf-4ba5-8f05-9393b496b065','romina@gmail.com','ellipse','black','rgba(0,0,0,0)','581.4956475962763','555.304347826087','11.292400716338133','26.8');
Insert into MIZRAHI.DOCUMENTS_MARKERS (DOC_ID,MARKER_ID,USER_ID,MARKER_TYPE,STROKE_COLOR,BACKGROUND_COLOR,X,Y,XRADIUS,YRADIUS) values ('16293bc3-7af4-4930-b393-28ff4ef1bace','186a8464-53b7-47ca-9a7a-f66c48bcf993','romina@gmail.com','ellipse','black','rgba(0,0,0,0)','62.91863949015989','308.9491525423729','7.11927599250774','14.916977879919564');
Insert into MIZRAHI.DOCUMENTS_MARKERS (DOC_ID,MARKER_ID,USER_ID,MARKER_TYPE,STROKE_COLOR,BACKGROUND_COLOR,X,Y,XRADIUS,YRADIUS) values ('16293bc3-7af4-4930-b393-28ff4ef1bace','cab27543-f2a9-4c64-8e80-35289d261ab6','romina@gmail.com','ellipse','black','rgba(201,79,79,0.62)','43.28979134073063','403','13.097542597124448','19.489795918367346');
Insert into MIZRAHI.DOCUMENTS_MARKERS (DOC_ID,MARKER_ID,USER_ID,MARKER_TYPE,STROKE_COLOR,BACKGROUND_COLOR,X,Y,XRADIUS,YRADIUS) values ('16293bc3-7af4-4930-b393-28ff4ef1bace','b7bcd17d-b312-4168-905e-0a2ca4375256','bar@gmail.com','ellipse','black','rgba(8,61,253,0)','66.28213827950614','524.25','15.59304838764424','21.825892857142858');
Insert into MIZRAHI.DOCUMENTS_MARKERS (DOC_ID,MARKER_ID,USER_ID,MARKER_TYPE,STROKE_COLOR,BACKGROUND_COLOR,X,Y,XRADIUS,YRADIUS) values ('16293bc3-7af4-4930-b393-28ff4ef1bace','440a5d48-e32d-44b6-a7cd-51789fe2e29f','bar@gmail.com','ellipse','black','rgba(8,61,253,0.41)','82.1902393248023','641.5365853658536','16.940987395786372','29.878048780487806');
Insert into MIZRAHI.DOCUMENTS_MARKERS (DOC_ID,MARKER_ID,USER_ID,MARKER_TYPE,STROKE_COLOR,BACKGROUND_COLOR,X,Y,XRADIUS,YRADIUS) values ('14eb6362-cbb1-49f0-b99f-f212d014f13d','69e0d0c9-d16c-4b5f-9bfb-63c1849d4e13','romina@gmail.com','ellipse','black','rgba(0,0,0,0)','89.22028527743575','184.7652181542438','15.79420283220816','12.48494014968343');
Insert into MIZRAHI.DOCUMENTS_MARKERS (DOC_ID,MARKER_ID,USER_ID,MARKER_TYPE,STROKE_COLOR,BACKGROUND_COLOR,X,Y,XRADIUS,YRADIUS) values ('14eb6362-cbb1-49f0-b99f-f212d014f13d','2348d222-b556-44b7-87e6-2b5b340ac734','romina@gmail.com','ellipse','black','rgba(0,0,0,0)','276.57777320014105','258.94444139268666','17.32987649234724','19.16012342288171');
Insert into MIZRAHI.DOCUMENTS_MARKERS (DOC_ID,MARKER_ID,USER_ID,MARKER_TYPE,STROKE_COLOR,BACKGROUND_COLOR,X,Y,XRADIUS,YRADIUS) values ('14eb6362-cbb1-49f0-b99f-f212d014f13d','9968b104-5945-430d-a70d-cd763548ff1c','romina@gmail.com','ellipse','black','rgba(0,0,0,0)','59.966662089029946','37.285714285714285','10.09880946931386','11.413265306122453');
Insert into MIZRAHI.DOCUMENTS_MARKERS (DOC_ID,MARKER_ID,USER_ID,MARKER_TYPE,STROKE_COLOR,BACKGROUND_COLOR,X,Y,XRADIUS,YRADIUS) values ('14eb6362-cbb1-49f0-b99f-f212d014f13d','affc4264-2653-4349-ad87-ae7b5578db37','romina@gmail.com','ellipse','black','rgba(0,0,0,0)','34.88860301729999','54.9746835443038','7.362313673828993','9.459541740105768');
Insert into MIZRAHI.DOCUMENTS_MARKERS (DOC_ID,MARKER_ID,USER_ID,MARKER_TYPE,STROKE_COLOR,BACKGROUND_COLOR,X,Y,XRADIUS,YRADIUS) values ('16293bc3-7af4-4930-b393-28ff4ef1bace','b8ddb99c-65ef-4d9b-b09d-0dcbcc865cf1','bar@gmail.com','ellipse','black','rgba(243,27,27,0.57)','112.17303218198626','31.50561797752809','13.98426964577665','14.011614695114252');
Insert into MIZRAHI.DOCUMENTS_MARKERS (DOC_ID,MARKER_ID,USER_ID,MARKER_TYPE,STROKE_COLOR,BACKGROUND_COLOR,X,Y,XRADIUS,YRADIUS) values ('14eb6362-cbb1-49f0-b99f-f212d014f13d','32494a58-c40c-42a7-b807-b0049727f5a8','romina@gmail.com','ellipse','black','rgba(0,0,0,0)','242.29179870105182','210.9704887515209','11.947809653524368','10.617360874453853');
Insert into MIZRAHI.DOCUMENTS_MARKERS (DOC_ID,MARKER_ID,USER_ID,MARKER_TYPE,STROKE_COLOR,BACKGROUND_COLOR,X,Y,XRADIUS,YRADIUS) values ('14eb6362-cbb1-49f0-b99f-f212d014f13d','a3333356-dc1e-49d6-9c6e-97ba8255a751','romina@gmail.com','ellipse','black','rgba(16,234,31,0.43)','346.94814357051143','297.64444139268664','11.27681747352799','14.90288060192218');
Insert into MIZRAHI.DOCUMENTS_MARKERS (DOC_ID,MARKER_ID,USER_ID,MARKER_TYPE,STROKE_COLOR,BACKGROUND_COLOR,X,Y,XRADIUS,YRADIUS) values ('14eb6362-cbb1-49f0-b99f-f212d014f13d','7ad30be4-c4e1-4aac-9cb7-874aa11521cd','romina@gmail.com','ellipse','black','rgba(0,0,0,0)','505.07999771118165','278.92','21.87039990844726','14.139199999999995');
Insert into MIZRAHI.DOCUMENTS_MARKERS (DOC_ID,MARKER_ID,USER_ID,MARKER_TYPE,STROKE_COLOR,BACKGROUND_COLOR,X,Y,XRADIUS,YRADIUS) values ('14eb6362-cbb1-49f0-b99f-f212d014f13d','d6c17180-8c58-4b35-9c5d-5b148e67466c','romina@gmail.com','ellipse','black','rgba(0,0,0,0)','264.6571382795061','181.55102040816325','12.439066961972415','8.281549354435652');
Insert into MIZRAHI.DOCUMENTS_MARKERS (DOC_ID,MARKER_ID,USER_ID,MARKER_TYPE,STROKE_COLOR,BACKGROUND_COLOR,X,Y,XRADIUS,YRADIUS) values ('14eb6362-cbb1-49f0-b99f-f212d014f13d','1c4e5b47-6d0c-4515-88b8-08614907846b','romina@gmail.com','ellipse','black','rgba(0,0,0,0)','128.26808052874625','272.78723404255317','8.821457575758739','11.732458125848794');
Insert into MIZRAHI.DOCUMENTS_MARKERS (DOC_ID,MARKER_ID,USER_ID,MARKER_TYPE,STROKE_COLOR,BACKGROUND_COLOR,X,Y,XRADIUS,YRADIUS) values ('14eb6362-cbb1-49f0-b99f-f212d014f13d','fb472fc7-c6c5-415c-aa48-4de78f13601c','romina@gmail.com','ellipse','black','rgba(0,0,0,0)','306.8596969149006','291.23880597014926','11.093695632278536','13.214747159723778');
Insert into MIZRAHI.DOCUMENTS_MARKERS (DOC_ID,MARKER_ID,USER_ID,MARKER_TYPE,STROKE_COLOR,BACKGROUND_COLOR,X,Y,XRADIUS,YRADIUS) values ('14eb6362-cbb1-49f0-b99f-f212d014f13d','a214847c-7106-414e-9711-afc3a99b80ab','romina@gmail.com','ellipse','black','rgba(0,0,0,0)','57.37376591416656','588.1180449939164','10.694383155271199','16.41580240382395');
Insert into MIZRAHI.DOCUMENTS_MARKERS (DOC_ID,MARKER_ID,USER_ID,MARKER_TYPE,STROKE_COLOR,BACKGROUND_COLOR,X,Y,XRADIUS,YRADIUS) values ('14eb6362-cbb1-49f0-b99f-f212d014f13d','2d0bb0dd-a2f6-431a-b434-3fa2e4d62c27','romina@gmail.com','ellipse','black','rgba(0,0,0,0)','640.7855398798563','481.2289156626506','14.284685703299186','13.499491943678336');
Insert into MIZRAHI.DOCUMENTS_MARKERS (DOC_ID,MARKER_ID,USER_ID,MARKER_TYPE,STROKE_COLOR,BACKGROUND_COLOR,X,Y,XRADIUS,YRADIUS) values ('14eb6362-cbb1-49f0-b99f-f212d014f13d','572fcdb9-9f67-4227-b2f9-87d6b96d0b51','romina@gmail.com','ellipse','black','rgba(0,0,0,0)','194.76892975001658','604','11.394777996441881','16.174757281553397');
Insert into MIZRAHI.DOCUMENTS_MARKERS (DOC_ID,MARKER_ID,USER_ID,MARKER_TYPE,STROKE_COLOR,BACKGROUND_COLOR,X,Y,XRADIUS,YRADIUS) values ('14eb6362-cbb1-49f0-b99f-f212d014f13d','2802ce35-0f59-4121-b407-1ad3b90c127e','romina@gmail.com','ellipse','black','rgba(0,0,0,0)','279.66562271118164','724.359375','11.322900354862213','19.958740234375');
Insert into MIZRAHI.DOCUMENTS_MARKERS (DOC_ID,MARKER_ID,USER_ID,MARKER_TYPE,STROKE_COLOR,BACKGROUND_COLOR,X,Y,XRADIUS,YRADIUS) values ('14eb6362-cbb1-49f0-b99f-f212d014f13d','0fb82f4f-9812-4115-a566-d5a6783a7491','romina@gmail.com','ellipse','black','rgba(0,0,0,0)','39.67777548895942','344.31481481481484','4.847942344445751','13.702674897119332');
Insert into MIZRAHI.DOCUMENTS_MARKERS (DOC_ID,MARKER_ID,USER_ID,MARKER_TYPE,STROKE_COLOR,BACKGROUND_COLOR,X,Y,XRADIUS,YRADIUS) values ('14eb6362-cbb1-49f0-b99f-f212d014f13d','baa3ab32-b48c-4c8a-be61-1afb4ffdb338','romina@gmail.com','ellipse','black','rgba(0,0,0,0)','725.0871279499319','226.22772277227722','16.798529548372006','12.676894422115481');
Insert into MIZRAHI.DOCUMENTS_MARKERS (DOC_ID,MARKER_ID,USER_ID,MARKER_TYPE,STROKE_COLOR,BACKGROUND_COLOR,X,Y,XRADIUS,YRADIUS) values ('14eb6362-cbb1-49f0-b99f-f212d014f13d','ad64ba03-1fbd-43e3-b7cd-1d30f19af0e9','romina@gmail.com','ellipse','black','rgba(0,0,0,0)','707.284847721909','285.6060606060606','21.384940300653348','13.254820936639119');
Insert into MIZRAHI.DOCUMENTS_MARKERS (DOC_ID,MARKER_ID,USER_ID,MARKER_TYPE,STROKE_COLOR,BACKGROUND_COLOR,X,Y,XRADIUS,YRADIUS) values ('14eb6362-cbb1-49f0-b99f-f212d014f13d','6dde2a8d-d392-4c9a-bec1-e4c1fc4e2502','romina@gmail.com','ellipse','black','rgba(0,0,0,0)','758.1084104520138','179.09345794392524','18.992366138384646','12.683989868110721');
Insert into MIZRAHI.DOCUMENTS_MARKERS (DOC_ID,MARKER_ID,USER_ID,MARKER_TYPE,STROKE_COLOR,BACKGROUND_COLOR,X,Y,XRADIUS,YRADIUS) values ('14eb6362-cbb1-49f0-b99f-f212d014f13d','9b3b4789-3a83-43e9-b574-0983807ff37c','romina@gmail.com','ellipse','black','rgba(0,0,0,0)','553.0622905043305','667.8524590163935','15.46073632367159','18.179118516527815');
Insert into MIZRAHI.DOCUMENTS_MARKERS (DOC_ID,MARKER_ID,USER_ID,MARKER_TYPE,STROKE_COLOR,BACKGROUND_COLOR,X,Y,XRADIUS,YRADIUS) values ('14eb6362-cbb1-49f0-b99f-f212d014f13d','fb021982-bdaa-4740-98dc-d00248a7ea69','romina@gmail.com','ellipse','black','rgba(224,21,21,0.46)','570.8100964324643','723.9494949494949','15.372125247098634','17.601979389858176');
Insert into MIZRAHI.DOCUMENTS_MARKERS (DOC_ID,MARKER_ID,USER_ID,MARKER_TYPE,STROKE_COLOR,BACKGROUND_COLOR,X,Y,XRADIUS,YRADIUS) values ('14eb6362-cbb1-49f0-b99f-f212d014f13d','32ed650c-49e8-48f2-b900-66d98cb5e67c','romina@gmail.com','ellipse','black','rgba(224,21,21,0.46)','561.1582043775871','776.7611940298508','14.883849341345146','19.768990866562714');
Insert into MIZRAHI.DOCUMENTS_MARKERS (DOC_ID,MARKER_ID,USER_ID,MARKER_TYPE,STROKE_COLOR,BACKGROUND_COLOR,X,Y,XRADIUS,YRADIUS) values ('14eb6362-cbb1-49f0-b99f-f212d014f13d','077e5bed-b5b6-45dc-95fc-14073bb0c1e3','bar@gmail.com','ellipse','black','rgba(0,0,0,0)','519.2516083255891','660.8279569892474','16.786957980608133','14.301422129726');
Insert into MIZRAHI.DOCUMENTS_MARKERS (DOC_ID,MARKER_ID,USER_ID,MARKER_TYPE,STROKE_COLOR,BACKGROUND_COLOR,X,Y,XRADIUS,YRADIUS) values ('14eb6362-cbb1-49f0-b99f-f212d014f13d','466eba36-dab4-4e48-9224-14b9890feb51','bar@gmail.com','ellipse','black','rgba(0,0,0,0)','589.1968208191887','635.1904761904761','14.637792822274854','14.942554799697655');
Insert into MIZRAHI.DOCUMENTS_MARKERS (DOC_ID,MARKER_ID,USER_ID,MARKER_TYPE,STROKE_COLOR,BACKGROUND_COLOR,X,Y,XRADIUS,YRADIUS) values ('14eb6362-cbb1-49f0-b99f-f212d014f13d','699624aa-7135-4694-9823-b6e792e2f327','romina@gmail.com','ellipse','black','rgba(0,0,0,0)','143.37575299812084','692.7575757575758','11.091949754801972','16.682277318640956');
Insert into MIZRAHI.DOCUMENTS_MARKERS (DOC_ID,MARKER_ID,USER_ID,MARKER_TYPE,STROKE_COLOR,BACKGROUND_COLOR,X,Y,XRADIUS,YRADIUS) values ('14eb6362-cbb1-49f0-b99f-f212d014f13d','02df6d1d-7000-4693-b5dd-9958cefebd45','romina@gmail.com','ellipse','black','rgba(0,0,0,0)','34.637602259970116','701.991452991453','10.659405322844353','17.17123237636056');
Insert into MIZRAHI.DOCUMENTS_MARKERS (DOC_ID,MARKER_ID,USER_ID,MARKER_TYPE,STROKE_COLOR,BACKGROUND_COLOR,X,Y,XRADIUS,YRADIUS) values ('14eb6362-cbb1-49f0-b99f-f212d014f13d','f7f31195-8834-47bd-bd30-7293ad8cd061','bar@gmail.com','ellipse','black','rgba(0,0,0,0)','34.397933566693176','750.6330018977529','9.696949681790763','18.323031266243177');
Insert into MIZRAHI.DOCUMENTS_MARKERS (DOC_ID,MARKER_ID,USER_ID,MARKER_TYPE,STROKE_COLOR,BACKGROUND_COLOR,X,Y,XRADIUS,YRADIUS) values ('bar_docID_3','4e711263-b619-40f6-aad8-758da488b574','bar@gmail.com','rectangle','black','rgba(112,46,46,0.49)','195.51305855645074','35.81832433064775','141.14055565728083','83.09666636149096');
Insert into MIZRAHI.DOCUMENTS_MARKERS (DOC_ID,MARKER_ID,USER_ID,MARKER_TYPE,STROKE_COLOR,BACKGROUND_COLOR,X,Y,XRADIUS,YRADIUS) values ('alon_docID_5','b4b9f32c-1587-49ad-a0f7-965bb218b3d8','alon@gmail.com','ellipse','black','rgba(0,0,0,0)','212.19506478015288','298.9012345679012','32.13074230257463','34.684194482548385');
Insert into MIZRAHI.DOCUMENTS_MARKERS (DOC_ID,MARKER_ID,USER_ID,MARKER_TYPE,STROKE_COLOR,BACKGROUND_COLOR,X,Y,XRADIUS,YRADIUS) values ('bar_docID_3','92943420-e2bb-4535-9cff-01eee89f8b4a','bar@gmail.com','ellipse','black','rgba(0,0,0,0)','208.5794148164637','201.7176379035501','34.78793257083035','41.19653965775113');
Insert into MIZRAHI.DOCUMENTS_MARKERS (DOC_ID,MARKER_ID,USER_ID,MARKER_TYPE,STROKE_COLOR,BACKGROUND_COLOR,X,Y,XRADIUS,YRADIUS) values ('alon_docID_5','99857aa4-0fbf-44fe-bf82-70e81a8f9303','alon@gmail.com','ellipse','black','rgba(226,40,40,0.45)','646.7137961552061','410.20343912058865','39.27687282312778','36.67651589446914');
Insert into MIZRAHI.DOCUMENTS_MARKERS (DOC_ID,MARKER_ID,USER_ID,MARKER_TYPE,STROKE_COLOR,BACKGROUND_COLOR,X,Y,XRADIUS,YRADIUS) values ('alon_docID_5','f928a5ee-f04b-4a47-b0cf-e47fb1031a1e','alon@gmail.com','ellipse','#eeff00','rgba(81,89,148,0.45)','224.62222527398004','404.4888797336155','45.230617351767464','38.000987450870475');
Insert into MIZRAHI.DOCUMENTS_MARKERS (DOC_ID,MARKER_ID,USER_ID,MARKER_TYPE,STROKE_COLOR,BACKGROUND_COLOR,X,Y,XRADIUS,YRADIUS) values ('14eb6362-cbb1-49f0-b99f-f212d014f13d','728e092e-773b-48b8-84b0-a940ac28d9d9','romina@gmail.com','ellipse','black','rgba(174,0,255,0)','101.62278023248986','327.8607594936709','18.804710725583476','20.17577311328313');
Insert into MIZRAHI.DOCUMENTS_MARKERS (DOC_ID,MARKER_ID,USER_ID,MARKER_TYPE,STROKE_COLOR,BACKGROUND_COLOR,X,Y,XRADIUS,YRADIUS) values ('14eb6362-cbb1-49f0-b99f-f212d014f13d','4e8e7f53-ae7a-4744-95f1-797e4212a137','romina@gmail.com','ellipse','black','rgba(238,255,0,0.43)','469.9020362386898','121.0204081632653','15.498208986129027','13.961682632236567');
Insert into MIZRAHI.DOCUMENTS_MARKERS (DOC_ID,MARKER_ID,USER_ID,MARKER_TYPE,STROKE_COLOR,BACKGROUND_COLOR,X,Y,XRADIUS,YRADIUS) values ('14eb6362-cbb1-49f0-b99f-f212d014f13d','a40eb84e-8873-4e05-adc7-9d27d0df27f3','romina@gmail.com','ellipse','black','rgba(238,255,0,0.43)','476.7999954223633','177','476.7999954223633','177');
Insert into MIZRAHI.DOCUMENTS_MARKERS (DOC_ID,MARKER_ID,USER_ID,MARKER_TYPE,STROKE_COLOR,BACKGROUND_COLOR,X,Y,XRADIUS,YRADIUS) values ('14eb6362-cbb1-49f0-b99f-f212d014f13d','0d96aa60-cb69-46f6-a546-bb345d78823a','romina@gmail.com','ellipse','black','rgba(0,0,0,0)','148.67691849928636','28.307692307692307','7.789349042000862','9.20710059171597');
Insert into MIZRAHI.DOCUMENTS_MARKERS (DOC_ID,MARKER_ID,USER_ID,MARKER_TYPE,STROKE_COLOR,BACKGROUND_COLOR,X,Y,XRADIUS,YRADIUS) values ('14eb6362-cbb1-49f0-b99f-f212d014f13d','4426c2f3-edfb-4ac4-8c74-c005dc32b2a3','romina@gmail.com','ellipse','black','rgba(0,0,0,0)','126.84999542236328','174.125','16.259374942779544','18.1203125');
Insert into MIZRAHI.DOCUMENTS_MARKERS (DOC_ID,MARKER_ID,USER_ID,MARKER_TYPE,STROKE_COLOR,BACKGROUND_COLOR,X,Y,XRADIUS,YRADIUS) values ('14eb6362-cbb1-49f0-b99f-f212d014f13d','c51ffbb8-ba8b-4f5f-85cd-4944a3678df7','romina@gmail.com','ellipse','black','rgba(225,0,255,0.49)','53.923072345440204','155.90769230769232','10.362366793480138','16.609704142011832');
Insert into MIZRAHI.DOCUMENTS_MARKERS (DOC_ID,MARKER_ID,USER_ID,MARKER_TYPE,STROKE_COLOR,BACKGROUND_COLOR,X,Y,XRADIUS,YRADIUS) values ('16293bc3-7af4-4930-b393-28ff4ef1bace','2200be6c-3809-4ba8-b13e-22a5e5526dc3','bar@gmail.com','ellipse','black','rgba(0,0,0,0)','64.28780030041206','77.95365701070646','13.540095125614782','19.47355738769746');
Insert into MIZRAHI.DOCUMENTS_MARKERS (DOC_ID,MARKER_ID,USER_ID,MARKER_TYPE,STROKE_COLOR,BACKGROUND_COLOR,X,Y,XRADIUS,YRADIUS) values ('14eb6362-cbb1-49f0-b99f-f212d014f13d','ddd1ad87-3983-4f17-a121-5880b3cadb04','romina@gmail.com','ellipse','black','rgba(0,0,0,0)','507.63999771118165','325.36','21.812799908447268','17.2');
Insert into MIZRAHI.DOCUMENTS_MARKERS (DOC_ID,MARKER_ID,USER_ID,MARKER_TYPE,STROKE_COLOR,BACKGROUND_COLOR,X,Y,XRADIUS,YRADIUS) values ('14eb6362-cbb1-49f0-b99f-f212d014f13d','e2df66d3-aa02-4a70-a62c-e2530f133296','romina@gmail.com','ellipse','black','rgba(0,0,0,0)','81.82622721937837','683.9672131147541','10.135286175861895','19.04810534802473');
Insert into MIZRAHI.DOCUMENTS_MARKERS (DOC_ID,MARKER_ID,USER_ID,MARKER_TYPE,STROKE_COLOR,BACKGROUND_COLOR,X,Y,XRADIUS,YRADIUS) values ('14eb6362-cbb1-49f0-b99f-f212d014f13d','02346364-fa6c-4d89-bb1c-04d875692a88','romina@gmail.com','ellipse','black','rgba(0,0,0,0)','74.10302572539358','741.8030303030303','7.798622520173548','18.89095500459137');
Insert into MIZRAHI.DOCUMENTS_MARKERS (DOC_ID,MARKER_ID,USER_ID,MARKER_TYPE,STROKE_COLOR,BACKGROUND_COLOR,X,Y,XRADIUS,YRADIUS) values ('14eb6362-cbb1-49f0-b99f-f212d014f13d','7aca4494-5ee6-48a2-b25a-718889d8e6ce','romina@gmail.com','ellipse','black','rgba(0,0,0,0)','436.9957423920327','189.19148936170214','12.519148887471925','8.553191489361705');
Insert into MIZRAHI.DOCUMENTS_MARKERS (DOC_ID,MARKER_ID,USER_ID,MARKER_TYPE,STROKE_COLOR,BACKGROUND_COLOR,X,Y,XRADIUS,YRADIUS) values ('14eb6362-cbb1-49f0-b99f-f212d014f13d','bfd5d8d8-387a-4d0e-a83a-e6008cbc8df0','romina@gmail.com','ellipse','black','rgba(0,0,0,0)','139.00967284171813','363.7903225806452','6.691102943857048','11.651144640998954');
Insert into MIZRAHI.DOCUMENTS_MARKERS (DOC_ID,MARKER_ID,USER_ID,MARKER_TYPE,STROKE_COLOR,BACKGROUND_COLOR,X,Y,XRADIUS,YRADIUS) values ('14eb6362-cbb1-49f0-b99f-f212d014f13d','e10dee40-71f2-40a8-827a-e13615855e8b','romina@gmail.com','ellipse','black','rgba(0,0,0,0)','339.5049134551502','403.88524590163934','11.504917957743642','14.14377855415211');
Insert into MIZRAHI.DOCUMENTS_MARKERS (DOC_ID,MARKER_ID,USER_ID,MARKER_TYPE,STROKE_COLOR,BACKGROUND_COLOR,X,Y,XRADIUS,YRADIUS) values ('14eb6362-cbb1-49f0-b99f-f212d014f13d','959ffaa7-f881-48ec-9835-03afa641590b','romina@gmail.com','ellipse','black','rgba(0,0,0,0)','335.95555097791885','89.84444444444445','10.335802367410542','6.600000000000002');
Insert into MIZRAHI.DOCUMENTS_MARKERS (DOC_ID,MARKER_ID,USER_ID,MARKER_TYPE,STROKE_COLOR,BACKGROUND_COLOR,X,Y,XRADIUS,YRADIUS) values ('14eb6362-cbb1-49f0-b99f-f212d014f13d','91e92a38-9dbc-45e9-912c-e8016c7613fb','romina@gmail.com','ellipse','black','rgba(0,0,0,0)','373.94924915370655','216.08955223880596','11.4552460889504','10.181777678770327');
Insert into MIZRAHI.DOCUMENTS_MARKERS (DOC_ID,MARKER_ID,USER_ID,MARKER_TYPE,STROKE_COLOR,BACKGROUND_COLOR,X,Y,XRADIUS,YRADIUS) values ('14eb6362-cbb1-49f0-b99f-f212d014f13d','f6a5b42a-5759-4704-9803-b44ed639ae1b','romina@gmail.com','ellipse','black','rgba(0,0,0,0)','100.18181360418146','110.01818181818182','6.428429668836357','7.692231404958678');
Insert into MIZRAHI.DOCUMENTS_MARKERS (DOC_ID,MARKER_ID,USER_ID,MARKER_TYPE,STROKE_COLOR,BACKGROUND_COLOR,X,Y,XRADIUS,YRADIUS) values ('14eb6362-cbb1-49f0-b99f-f212d014f13d','242762e8-3d7e-4a04-ae92-76f4f4174554','romina@gmail.com','ellipse','black','rgba(0,0,0,0)','663.6323529411765','97.6029411764706','18.89165224913492','12.450043252595156');
Insert into MIZRAHI.DOCUMENTS_MARKERS (DOC_ID,MARKER_ID,USER_ID,MARKER_TYPE,STROKE_COLOR,BACKGROUND_COLOR,X,Y,XRADIUS,YRADIUS) values ('14eb6362-cbb1-49f0-b99f-f212d014f13d','eb722e24-7dda-4ec4-a012-477458569669','romina@gmail.com','ellipse','black','rgba(0,0,0,0)','194.59729271966057','559.3243243243244','9.064682187957429','14.171292914536156');
Insert into MIZRAHI.DOCUMENTS_MARKERS (DOC_ID,MARKER_ID,USER_ID,MARKER_TYPE,STROKE_COLOR,BACKGROUND_COLOR,X,Y,XRADIUS,YRADIUS) values ('14eb6362-cbb1-49f0-b99f-f212d014f13d','eef3a4a5-f9ca-4809-8cd7-b4a9f69cffa9','romina@gmail.com','ellipse','black','rgba(0,0,0,0)','188.9333287556966','459.81666666666666','8.191111034817165','14.85916666666667');
Insert into MIZRAHI.DOCUMENTS_MARKERS (DOC_ID,MARKER_ID,USER_ID,MARKER_TYPE,STROKE_COLOR,BACKGROUND_COLOR,X,Y,XRADIUS,YRADIUS) values ('14eb6362-cbb1-49f0-b99f-f212d014f13d','8e5daafe-4dc5-4842-a9da-91b9bffbc37f','romina@gmail.com','ellipse','black','rgba(0,0,0,0)','249.37777320014106','161.44444444444446','12.42962952790437','12.906172839506175');
Insert into MIZRAHI.DOCUMENTS_MARKERS (DOC_ID,MARKER_ID,USER_ID,MARKER_TYPE,STROKE_COLOR,BACKGROUND_COLOR,X,Y,XRADIUS,YRADIUS) values ('14eb6362-cbb1-49f0-b99f-f212d014f13d','6d098621-cec9-4f5c-ac22-9c34b02c6e62','romina@gmail.com','ellipse','black','rgba(0,0,0,0)','79.93043020497198','360.7173913043478','7.102457367404874','12.428638941398855');
Insert into MIZRAHI.DOCUMENTS_MARKERS (DOC_ID,MARKER_ID,USER_ID,MARKER_TYPE,STROKE_COLOR,BACKGROUND_COLOR,X,Y,XRADIUS,YRADIUS) values ('14eb6362-cbb1-49f0-b99f-f212d014f13d','1b3152be-92cc-4dd5-a8fa-47274311282a','romina@gmail.com','ellipse','black','rgba(0,0,0,0)','555.5999954223632','206.425','18.54999988555908','9.985625');
Insert into MIZRAHI.DOCUMENTS_MARKERS (DOC_ID,MARKER_ID,USER_ID,MARKER_TYPE,STROKE_COLOR,BACKGROUND_COLOR,X,Y,XRADIUS,YRADIUS) values ('14eb6362-cbb1-49f0-b99f-f212d014f13d','321c1e56-22b8-4306-9943-bce3449c53e4','romina@gmail.com','ellipse','black','rgba(224,21,21,0.46)','NaN','Infinity','NaN','NaN');
Insert into MIZRAHI.DOCUMENTS_MARKERS (DOC_ID,MARKER_ID,USER_ID,MARKER_TYPE,STROKE_COLOR,BACKGROUND_COLOR,X,Y,XRADIUS,YRADIUS) values ('14eb6362-cbb1-49f0-b99f-f212d014f13d','48d18024-e742-48bb-bdf1-e8d0bd0d0cea','romina@gmail.com','ellipse','black','rgba(0,0,0,0)','559.0710234597465','617.411214953271','16.054205564695017','15.512359158005069');
Insert into MIZRAHI.DOCUMENTS_MARKERS (DOC_ID,MARKER_ID,USER_ID,MARKER_TYPE,STROKE_COLOR,BACKGROUND_COLOR,X,Y,XRADIUS,YRADIUS) values ('14eb6362-cbb1-49f0-b99f-f212d014f13d','b676048b-a161-4cfd-98dc-ea6341fd08a4','bar@gmail.com','ellipse','black','rgba(0,0,0,0)','556.0048146994717','587.8795180722891','20.787400148070255','19.496879082595445');
Insert into MIZRAHI.DOCUMENTS_MARKERS (DOC_ID,MARKER_ID,USER_ID,MARKER_TYPE,STROKE_COLOR,BACKGROUND_COLOR,X,Y,XRADIUS,YRADIUS) values ('16293bc3-7af4-4930-b393-28ff4ef1bace','5803a817-cb50-418c-a1e9-5d0a73f93374','bar@gmail.com','ellipse','black','rgba(0,0,0,0)','60.75774190123652','253.99436657865283','12.700218146198733','15.791231903805658');
Insert into MIZRAHI.DOCUMENTS_MARKERS (DOC_ID,MARKER_ID,USER_ID,MARKER_TYPE,STROKE_COLOR,BACKGROUND_COLOR,X,Y,XRADIUS,YRADIUS) values ('14eb6362-cbb1-49f0-b99f-f212d014f13d','7c2a1b35-3868-45bb-a401-04e5ae9f2d61','bar@gmail.com','ellipse','black','rgba(0,0,0,0)','654.2349210163903','413.984126984127','19.30682792240682','14.334341143864954');
Insert into MIZRAHI.DOCUMENTS_MARKERS (DOC_ID,MARKER_ID,USER_ID,MARKER_TYPE,STROKE_COLOR,BACKGROUND_COLOR,X,Y,XRADIUS,YRADIUS) values ('16293bc3-7af4-4930-b393-28ff4ef1bace','71f6363c-5120-4e5a-97ac-01d3696bdc23','bar@gmail.com','ellipse','black','rgba(0,0,0,0)','350.334478180984','117.55172413793103','13.8137335714914','11.65101070154578');
Insert into MIZRAHI.DOCUMENTS_MARKERS (DOC_ID,MARKER_ID,USER_ID,MARKER_TYPE,STROKE_COLOR,BACKGROUND_COLOR,X,Y,XRADIUS,YRADIUS) values ('4f1c34c1-81bb-4c28-ba5d-1dc0928cd9c4','8f017843-ce26-45c6-9016-3fbd239649e4','bar@gmail.com','ellipse','black','rgba(0,255,132,0.21)','150.02274838750233','565.1928204747732','48.83042773067205','68.06817028288174');
Insert into MIZRAHI.DOCUMENTS_MARKERS (DOC_ID,MARKER_ID,USER_ID,MARKER_TYPE,STROKE_COLOR,BACKGROUND_COLOR,X,Y,XRADIUS,YRADIUS) values ('14eb6362-cbb1-49f0-b99f-f212d014f13d','0151e5f3-e7ea-4ae4-9c27-0faa7f87f0c8','romina@gmail.com','ellipse','black','rgba(16,234,31,0.43)','97.70475732712518','413.5690445672898','28.20623577316872','34.92287411332941');
Insert into MIZRAHI.DOCUMENTS_MARKERS (DOC_ID,MARKER_ID,USER_ID,MARKER_TYPE,STROKE_COLOR,BACKGROUND_COLOR,X,Y,XRADIUS,YRADIUS) values ('4f1c34c1-81bb-4c28-ba5d-1dc0928cd9c4','bb41e520-6d0d-4fdb-8443-c87cdaa2e800','bar@gmail.com','ellipse','black','rgba(246,9,9,0.28)','172.87286211353864','148.1581380090048','43.442857954007955','39.86457543435859');
Insert into MIZRAHI.DOCUMENTS_MARKERS (DOC_ID,MARKER_ID,USER_ID,MARKER_TYPE,STROKE_COLOR,BACKGROUND_COLOR,X,Y,XRADIUS,YRADIUS) values ('4f1c34c1-81bb-4c28-ba5d-1dc0928cd9c4','57643921-4f07-4b60-9bb8-f51618105529','bar@gmail.com','ellipse','black','rgba(0,0,0,0)','694.3603899360884','106.39801675022238','29.84868144138271','22.27528670637905');
Insert into MIZRAHI.DOCUMENTS_MARKERS (DOC_ID,MARKER_ID,USER_ID,MARKER_TYPE,STROKE_COLOR,BACKGROUND_COLOR,X,Y,XRADIUS,YRADIUS) values ('14eb6362-cbb1-49f0-b99f-f212d014f13d','6e27be99-2553-417c-86a5-bfa8f2356c97','romina@gmail.com','ellipse','black','rgba(238,0,255,0.36)','120.2590118158059','567','24.29717810286593','28.508196721311474');
Insert into MIZRAHI.DOCUMENTS_MARKERS (DOC_ID,MARKER_ID,USER_ID,MARKER_TYPE,STROKE_COLOR,BACKGROUND_COLOR,X,Y,XRADIUS,YRADIUS) values ('14eb6362-cbb1-49f0-b99f-f212d014f13d','b47482eb-f85c-4e99-9d8c-0744433e5332','romina@gmail.com','ellipse','black','rgba(16,234,31,0.43)','162.09267834919254','504.2487774360471','16.942177163781626','33.12682919385957');
Insert into MIZRAHI.DOCUMENTS_MARKERS (DOC_ID,MARKER_ID,USER_ID,MARKER_TYPE,STROKE_COLOR,BACKGROUND_COLOR,X,Y,XRADIUS,YRADIUS) values ('14eb6362-cbb1-49f0-b99f-f212d014f13d','51dd3034-01cc-442d-8b83-5c7e611aca68','romina@gmail.com','ellipse','black','rgba(238,0,255,0.36)','66.45516783615639','507.17241379310343','17.06206880766769','28.965517241379303');
Insert into MIZRAHI.DOCUMENTS_MARKERS (DOC_ID,MARKER_ID,USER_ID,MARKER_TYPE,STROKE_COLOR,BACKGROUND_COLOR,X,Y,XRADIUS,YRADIUS) values ('14eb6362-cbb1-49f0-b99f-f212d014f13d','7e129958-d359-4761-96e6-51851a3d2628','romina@gmail.com','ellipse','black','rgba(238,0,255,0.36)','222.38064058365362','687.258064516129','29.558584659826483','41');
Insert into MIZRAHI.DOCUMENTS_MARKERS (DOC_ID,MARKER_ID,USER_ID,MARKER_TYPE,STROKE_COLOR,BACKGROUND_COLOR,X,Y,XRADIUS,YRADIUS) values ('14eb6362-cbb1-49f0-b99f-f212d014f13d','5ea1a34e-0094-45f8-a83e-a64d740901df','romina@gmail.com','ellipse','black','rgba(255,0,0,0.61)','380.33845696082483','266.3076923076923','16.817356884597086','20.40631163708088');
Insert into MIZRAHI.DOCUMENTS_MARKERS (DOC_ID,MARKER_ID,USER_ID,MARKER_TYPE,STROKE_COLOR,BACKGROUND_COLOR,X,Y,XRADIUS,YRADIUS) values ('14eb6362-cbb1-49f0-b99f-f212d014f13d','1786481f-6018-4d3e-977e-68f43f854a15','romina@gmail.com','ellipse','black','rgba(0,0,0,0)','126.84950037285833','153.78217821782178','9.58511906064687','15.254386824821118');
Insert into MIZRAHI.DOCUMENTS_MARKERS (DOC_ID,MARKER_ID,USER_ID,MARKER_TYPE,STROKE_COLOR,BACKGROUND_COLOR,X,Y,XRADIUS,YRADIUS) values ('14eb6362-cbb1-49f0-b99f-f212d014f13d','561fd8d2-18a5-42a7-8110-74a00f03e588','romina@gmail.com','ellipse','black','rgba(0,0,0,0)','28.755219302960295','281.5074626865672','7.847761125706906','14.910002227667638');
Insert into MIZRAHI.DOCUMENTS_MARKERS (DOC_ID,MARKER_ID,USER_ID,MARKER_TYPE,STROKE_COLOR,BACKGROUND_COLOR,X,Y,XRADIUS,YRADIUS) values ('14eb6362-cbb1-49f0-b99f-f212d014f13d','e23b8206-1d1a-40ce-9cd7-aa044e0a0ab3','romina@gmail.com','ellipse','black','rgba(0,0,0,0)','548.520368081552','297.2962962962963','20.544427276475243','22.554526748971224');
Insert into MIZRAHI.DOCUMENTS_MARKERS (DOC_ID,MARKER_ID,USER_ID,MARKER_TYPE,STROKE_COLOR,BACKGROUND_COLOR,X,Y,XRADIUS,YRADIUS) values ('14eb6362-cbb1-49f0-b99f-f212d014f13d','92ec9770-1d54-4666-9fe2-14232c461197','romina@gmail.com','ellipse','black','rgba(16,234,31,0.43)','508.2059360164227','155.88316526507387','20.48258009387892','23.60162726122658');
Insert into MIZRAHI.DOCUMENTS_MARKERS (DOC_ID,MARKER_ID,USER_ID,MARKER_TYPE,STROKE_COLOR,BACKGROUND_COLOR,X,Y,XRADIUS,YRADIUS) values ('14eb6362-cbb1-49f0-b99f-f212d014f13d','3efd359f-f8fe-4d57-a198-c1c332a0c4e3','romina@gmail.com','ellipse','black','rgba(16,234,31,0.43)','156.85262700131065','112.54210221140008','10.641412682150206','12.60339331164584');
Insert into MIZRAHI.DOCUMENTS_MARKERS (DOC_ID,MARKER_ID,USER_ID,MARKER_TYPE,STROKE_COLOR,BACKGROUND_COLOR,X,Y,XRADIUS,YRADIUS) values ('14eb6362-cbb1-49f0-b99f-f212d014f13d','042962e1-e587-4a70-9cc2-e401ef343a2f','romina@gmail.com','ellipse','black','rgba(0,0,0,0)','392.5647013047162','417.1470588235294','15.148096751176775','15.692906574394465');
Insert into MIZRAHI.DOCUMENTS_MARKERS (DOC_ID,MARKER_ID,USER_ID,MARKER_TYPE,STROKE_COLOR,BACKGROUND_COLOR,X,Y,XRADIUS,YRADIUS) values ('14eb6362-cbb1-49f0-b99f-f212d014f13d','8cdb0229-dadd-4074-b630-823cbc74341b','romina@gmail.com','ellipse','black','rgba(0,0,0,0)','19.203841576209435','180.28846153846155','5.296079793625332','9.760724852071005');
Insert into MIZRAHI.DOCUMENTS_MARKERS (DOC_ID,MARKER_ID,USER_ID,MARKER_TYPE,STROKE_COLOR,BACKGROUND_COLOR,X,Y,XRADIUS,YRADIUS) values ('14eb6362-cbb1-49f0-b99f-f212d014f13d','f3dd576e-8a9f-4fd1-8e41-c7ae50daa647','bar@gmail.com','ellipse','black','rgba(0,0,0,0)','119.0950773895764','629.8032786885246','12.510830346886364','18.74764848159097');
Insert into MIZRAHI.DOCUMENTS_MARKERS (DOC_ID,MARKER_ID,USER_ID,MARKER_TYPE,STROKE_COLOR,BACKGROUND_COLOR,X,Y,XRADIUS,YRADIUS) values ('14eb6362-cbb1-49f0-b99f-f212d014f13d','aaa95fee-0a82-4d2c-b8b4-e64765ae84b2','romina@gmail.com','ellipse','black','rgba(0,0,0,0)','162.79999542236328','408.4186046511628','6.390697567961936','13.674418604651162');
Insert into MIZRAHI.DOCUMENTS_MARKERS (DOC_ID,MARKER_ID,USER_ID,MARKER_TYPE,STROKE_COLOR,BACKGROUND_COLOR,X,Y,XRADIUS,YRADIUS) values ('14eb6362-cbb1-49f0-b99f-f212d014f13d','45ec98b3-6506-4973-be75-5e79233521f1','romina@gmail.com','ellipse','black','rgba(0,0,0,0)','239.74827128443224','244.63793103448276','9.70077281049259','12.307074910820447');
Insert into MIZRAHI.DOCUMENTS_MARKERS (DOC_ID,MARKER_ID,USER_ID,MARKER_TYPE,STROKE_COLOR,BACKGROUND_COLOR,X,Y,XRADIUS,YRADIUS) values ('14eb6362-cbb1-49f0-b99f-f212d014f13d','8187867a-ec4b-4ba3-a7b4-ef455cef7f7d','romina@gmail.com','ellipse','black','rgba(0,0,0,0)','92.75651716149372','410.2826086956522','5.842532981771603','14.885160680529305');
Insert into MIZRAHI.DOCUMENTS_MARKERS (DOC_ID,MARKER_ID,USER_ID,MARKER_TYPE,STROKE_COLOR,BACKGROUND_COLOR,X,Y,XRADIUS,YRADIUS) values ('14eb6362-cbb1-49f0-b99f-f212d014f13d','03cc836d-fe20-437a-872e-bf7e60096aa7','romina@gmail.com','ellipse','black','rgba(0,0,0,0)','55.08124542236328','372.21875','4.6099607944488525','16.1005859375');
Insert into MIZRAHI.DOCUMENTS_MARKERS (DOC_ID,MARKER_ID,USER_ID,MARKER_TYPE,STROKE_COLOR,BACKGROUND_COLOR,X,Y,XRADIUS,YRADIUS) values ('14eb6362-cbb1-49f0-b99f-f212d014f13d','a35ca899-c65c-49f8-9330-93fd1520e068','romina@gmail.com','ellipse','black','rgba(0,0,0,0)','49.06470130471622','415.7352941176471','4.723356266747711','19.54238754325259');
Insert into MIZRAHI.DOCUMENTS_MARKERS (DOC_ID,MARKER_ID,USER_ID,MARKER_TYPE,STROKE_COLOR,BACKGROUND_COLOR,X,Y,XRADIUS,YRADIUS) values ('14eb6362-cbb1-49f0-b99f-f212d014f13d','9e0026f8-f18f-4a44-9dc4-5c6bca27f032','romina@gmail.com','ellipse','black','rgba(0,0,0,0)','143.55861611201846','394.0344827586207','8.595957035967343','18.17241379310345');
Insert into MIZRAHI.DOCUMENTS_MARKERS (DOC_ID,MARKER_ID,USER_ID,MARKER_TYPE,STROKE_COLOR,BACKGROUND_COLOR,X,Y,XRADIUS,YRADIUS) values ('14eb6362-cbb1-49f0-b99f-f212d014f13d','f15d662b-0dfe-42a0-9658-576534bb66b2','romina@gmail.com','ellipse','black','rgba(0,0,0,0)','66.35171956029431','319.17241379310343','5.717241221460799','13.391200951248512');
Insert into MIZRAHI.DOCUMENTS_MARKERS (DOC_ID,MARKER_ID,USER_ID,MARKER_TYPE,STROKE_COLOR,BACKGROUND_COLOR,X,Y,XRADIUS,YRADIUS) values ('14eb6362-cbb1-49f0-b99f-f212d014f13d','b191847a-1999-4e25-877d-0fef1708b3eb','romina@gmail.com','ellipse','black','rgba(0,0,0,0)','29.411106533474392','366.19444444444446','4.295370243213795','14.733796296296296');
Insert into MIZRAHI.DOCUMENTS_MARKERS (DOC_ID,MARKER_ID,USER_ID,MARKER_TYPE,STROKE_COLOR,BACKGROUND_COLOR,X,Y,XRADIUS,YRADIUS) values ('14eb6362-cbb1-49f0-b99f-f212d014f13d','bd74a515-b05c-4d51-8356-72ebb7f86253','romina@gmail.com','ellipse','black','rgba(0,0,0,0)','29.29999542236328','549.6071428571429','3.8321426936558316','23.307397959183675');
Insert into MIZRAHI.DOCUMENTS_MARKERS (DOC_ID,MARKER_ID,USER_ID,MARKER_TYPE,STROKE_COLOR,BACKGROUND_COLOR,X,Y,XRADIUS,YRADIUS) values ('14eb6362-cbb1-49f0-b99f-f212d014f13d','69c673a0-70db-4903-bd9c-aaeb17530ff0','romina@gmail.com','ellipse','black','rgba(0,0,0,0)','17.79999542236328','420.17241379310343','3.303448118012527','22.06777645659931');
Insert into MIZRAHI.DOCUMENTS_MARKERS (DOC_ID,MARKER_ID,USER_ID,MARKER_TYPE,STROKE_COLOR,BACKGROUND_COLOR,X,Y,XRADIUS,YRADIUS) values ('14eb6362-cbb1-49f0-b99f-f212d014f13d','734a4920-f9e0-41c1-bd70-de490a60e6f1','romina@gmail.com','ellipse','black','rgba(0,0,0,0)','93.85881895177505','515.7647058823529','5.885120972630062','20.197231833910035');
Insert into MIZRAHI.DOCUMENTS_MARKERS (DOC_ID,MARKER_ID,USER_ID,MARKER_TYPE,STROKE_COLOR,BACKGROUND_COLOR,X,Y,XRADIUS,YRADIUS) values ('14eb6362-cbb1-49f0-b99f-f212d014f13d','6a04ad42-3284-4dd5-8239-291a6f9b83e1','romina@gmail.com','ellipse','black','rgba(0,0,0,0)','29.17036579273365','501.22222222222223','3.2340190348474747','22.925925925925927');
Insert into MIZRAHI.DOCUMENTS_MARKERS (DOC_ID,MARKER_ID,USER_ID,MARKER_TYPE,STROKE_COLOR,BACKGROUND_COLOR,X,Y,XRADIUS,YRADIUS) values ('14eb6362-cbb1-49f0-b99f-f212d014f13d','8d5e0f5d-1b3a-4de1-be88-062bacee3791','romina@gmail.com','ellipse','black','rgba(0,0,0,0)','137.79999542236328','319','137.79999542236328','319');
Insert into MIZRAHI.DOCUMENTS_MARKERS (DOC_ID,MARKER_ID,USER_ID,MARKER_TYPE,STROKE_COLOR,BACKGROUND_COLOR,X,Y,XRADIUS,YRADIUS) values ('14eb6362-cbb1-49f0-b99f-f212d014f13d','2c636b3f-1c54-4d52-bab0-3e039b08eeab','romina@gmail.com','ellipse','black','rgba(0,0,0,0)','296.2999954223633','112.82352941176471','13.302941041834215','7.740484429065746');
Insert into MIZRAHI.DOCUMENTS_MARKERS (DOC_ID,MARKER_ID,USER_ID,MARKER_TYPE,STROKE_COLOR,BACKGROUND_COLOR,X,Y,XRADIUS,YRADIUS) values ('14eb6362-cbb1-49f0-b99f-f212d014f13d','a6e0d29f-e92f-41c1-8995-e9c29d494f7b','romina@gmail.com','ellipse','black','rgba(0,0,0,0)','517.2444398668077','740.4777777777778','16.379259208396657','17.739135802469132');
Insert into MIZRAHI.DOCUMENTS_MARKERS (DOC_ID,MARKER_ID,USER_ID,MARKER_TYPE,STROKE_COLOR,BACKGROUND_COLOR,X,Y,XRADIUS,YRADIUS) values ('14eb6362-cbb1-49f0-b99f-f212d014f13d','88a73864-391c-4bb7-b8d2-6155de0b9a01','bar@gmail.com','ellipse','black','rgba(0,0,0,0)','516.3056133998914','701.7078651685393','15.840575633454153','16.89231157682111');
Insert into MIZRAHI.DOCUMENTS_MARKERS (DOC_ID,MARKER_ID,USER_ID,MARKER_TYPE,STROKE_COLOR,BACKGROUND_COLOR,X,Y,XRADIUS,YRADIUS) values ('14eb6362-cbb1-49f0-b99f-f212d014f13d','f3056352-b494-4056-bd10-04c2f9c0b734','bar@gmail.com','ellipse','black','rgba(0,0,0,0)','659.1567506532411','60.986486486486484','18.50138779188095','7.216764061358657');
Insert into MIZRAHI.DOCUMENTS_MARKERS (DOC_ID,MARKER_ID,USER_ID,MARKER_TYPE,STROKE_COLOR,BACKGROUND_COLOR,X,Y,XRADIUS,YRADIUS) values ('14eb6362-cbb1-49f0-b99f-f212d014f13d','672d32ef-8f06-4022-b54b-8f025ed82587','romina@gmail.com','ellipse','black','rgba(0,0,0,0)','634.1591401664159','714.6365835538475','16.005179793672873','17.982795961441532');
Insert into MIZRAHI.DOCUMENTS_MARKERS (DOC_ID,MARKER_ID,USER_ID,MARKER_TYPE,STROKE_COLOR,BACKGROUND_COLOR,X,Y,XRADIUS,YRADIUS) values ('14eb6362-cbb1-49f0-b99f-f212d014f13d','d3382e7b-404a-4fa2-9fe9-a58a72fc6012','bar@gmail.com','ellipse','black','rgba(0,0,0,0)','274.8897390121069','661.2051282051282','12.660650828886297','18.728796844181456');
REM INSERTING into MIZRAHI.SHARED_DOCUMENTS
SET DEFINE OFF;
Insert into MIZRAHI.SHARED_DOCUMENTS (DOC_ID,USER_ID) values ('14eb6362-cbb1-49f0-b99f-f212d014f13d','bar@gmail.com');
Insert into MIZRAHI.SHARED_DOCUMENTS (DOC_ID,USER_ID) values ('16293bc3-7af4-4930-b393-28ff4ef1bace','romina@gmail.com');
Insert into MIZRAHI.SHARED_DOCUMENTS (DOC_ID,USER_ID) values ('ac6f795e-d38f-4659-b9e0-62d6f06a23e9','romina@gmail.com');
Insert into MIZRAHI.SHARED_DOCUMENTS (DOC_ID,USER_ID) values ('alon_docID_5','bar@gmail.com');
Insert into MIZRAHI.SHARED_DOCUMENTS (DOC_ID,USER_ID) values ('bar_docID_2','alon@gmail.com');
Insert into MIZRAHI.SHARED_DOCUMENTS (DOC_ID,USER_ID) values ('bar_docID_3','romina@gmail.com');
Insert into MIZRAHI.SHARED_DOCUMENTS (DOC_ID,USER_ID) values ('bd223f20-45f2-47a0-aadb-ef2615dff222','romina@gmail.com');
REM INSERTING into MIZRAHI.USERS
SET DEFINE OFF;
Insert into MIZRAHI.USERS (USER_ID,USER_NAME,REMOVED) values ('daniel@gmail.com','daniel',0);
Insert into MIZRAHI.USERS (USER_ID,USER_NAME,REMOVED) values ('romina@gmail.com','romina',0);
Insert into MIZRAHI.USERS (USER_ID,USER_NAME,REMOVED) values ('alon@gmail.com','alon',0);
Insert into MIZRAHI.USERS (USER_ID,USER_NAME,REMOVED) values ('bar@gmail.com','bar',0);
--------------------------------------------------------
--  DDL for Index DOCUMENTS_MARKERS_PK
--------------------------------------------------------

  CREATE UNIQUE INDEX "MIZRAHI"."DOCUMENTS_MARKERS_PK" ON "MIZRAHI"."DOCUMENTS_MARKERS" ("MARKER_ID") 
  PCTFREE 10 INITRANS 2 MAXTRANS 255 COMPUTE STATISTICS 
  STORAGE(INITIAL 65536 NEXT 1048576 MINEXTENTS 1 MAXEXTENTS 2147483645
  PCTINCREASE 0 FREELISTS 1 FREELIST GROUPS 1
  BUFFER_POOL DEFAULT FLASH_CACHE DEFAULT CELL_FLASH_CACHE DEFAULT)
  TABLESPACE "USERS" ;
--------------------------------------------------------
--  DDL for Index DOCUMENTS_PK
--------------------------------------------------------

  CREATE UNIQUE INDEX "MIZRAHI"."DOCUMENTS_PK" ON "MIZRAHI"."DOCUMENTS" ("DOC_ID") 
  PCTFREE 10 INITRANS 2 MAXTRANS 255 COMPUTE STATISTICS 
  STORAGE(INITIAL 65536 NEXT 1048576 MINEXTENTS 1 MAXEXTENTS 2147483645
  PCTINCREASE 0 FREELISTS 1 FREELIST GROUPS 1
  BUFFER_POOL DEFAULT FLASH_CACHE DEFAULT CELL_FLASH_CACHE DEFAULT)
  TABLESPACE "USERS" ;
--------------------------------------------------------
--  DDL for Index SHARED_DOCUMENTS_PK
--------------------------------------------------------

  CREATE UNIQUE INDEX "MIZRAHI"."SHARED_DOCUMENTS_PK" ON "MIZRAHI"."SHARED_DOCUMENTS" ("DOC_ID", "USER_ID") 
  PCTFREE 10 INITRANS 2 MAXTRANS 255 COMPUTE STATISTICS 
  STORAGE(INITIAL 65536 NEXT 1048576 MINEXTENTS 1 MAXEXTENTS 2147483645
  PCTINCREASE 0 FREELISTS 1 FREELIST GROUPS 1
  BUFFER_POOL DEFAULT FLASH_CACHE DEFAULT CELL_FLASH_CACHE DEFAULT)
  TABLESPACE "USERS" ;
--------------------------------------------------------
--  DDL for Index USERS_PK
--------------------------------------------------------

  CREATE UNIQUE INDEX "MIZRAHI"."USERS_PK" ON "MIZRAHI"."USERS" ("USER_ID") 
  PCTFREE 10 INITRANS 2 MAXTRANS 255 COMPUTE STATISTICS 
  STORAGE(INITIAL 65536 NEXT 1048576 MINEXTENTS 1 MAXEXTENTS 2147483645
  PCTINCREASE 0 FREELISTS 1 FREELIST GROUPS 1
  BUFFER_POOL DEFAULT FLASH_CACHE DEFAULT CELL_FLASH_CACHE DEFAULT)
  TABLESPACE "USERS" ;
--------------------------------------------------------
--  DDL for Procedure SP_CREATE_DOCUMNET
--------------------------------------------------------
set define off;

  CREATE OR REPLACE EDITIONABLE PROCEDURE "MIZRAHI"."SP_CREATE_DOCUMNET" 
(
  PARAM_DOC_ID IN VARCHAR2 
, PARAM_USER_ID IN VARCHAR2 
, PARAM_DOCUMENT_NAME IN VARCHAR2 
, PARAM_IMAGE_URL IN VARCHAR2 
, PARAM_RETVAL OUT SYS_REFCURSOR
) AS 
BEGIN
INSERT into documents (doc_id,user_id,document_name,image_url)
values(PARAM_DOC_ID
, PARAM_USER_ID
, PARAM_DOCUMENT_NAME
, PARAM_IMAGE_URL );
    OPEN  PARAM_RETVAL FOR
     SELECT *  FROM documents WHERE
        doc_id = param_doc_id AND user_id = param_user_id AND document_name = param_document_name AND image_url=param_image_url;
END SP_CREATE_DOCUMNET;

/
--------------------------------------------------------
--  DDL for Procedure SP_CREATE_MARKER
--------------------------------------------------------
set define off;

  CREATE OR REPLACE EDITIONABLE PROCEDURE "MIZRAHI"."SP_CREATE_MARKER" 
(
  PARAM_DOC_ID IN VARCHAR2 
, PARAM_MARKER_ID IN VARCHAR2 
, PARAM_USER_ID IN VARCHAR2 
, PARAM_MARKER_TYPE IN VARCHAR2 
, PARAM_STROKE_COLOR IN VARCHAR2 
, PARAM_BACKGROUND_COLOR IN VARCHAR2 
, PARAM_X IN VARCHAR2 
, PARAM_Y IN VARCHAR2 
, PARAM_XRADIUS IN VARCHAR2 
, PARAM_YRADIUS IN VARCHAR2 
, PARAM_RETVAL OUT SYS_REFCURSOR
) AS 
BEGIN
INSERT INTO documents_markers( 
  DOC_ID
, MARKER_ID
, USER_ID
, MARKER_TYPE 
, STROKE_COLOR
, BACKGROUND_COLOR
, X
, Y
, XRADIUS
, YRADIUS )
VALUES(
  PARAM_DOC_ID
, PARAM_MARKER_ID
, PARAM_USER_ID
, PARAM_MARKER_TYPE
, PARAM_STROKE_COLOR
, PARAM_BACKGROUND_COLOR 
, PARAM_X 
, PARAM_Y
, PARAM_XRADIUS
, PARAM_YRADIUS
);
    OPEN  PARAM_RETVAL FOR
     SELECT *  FROM documents_markers WHERE 
     doc_id = param_doc_id AND marker_id = param_marker_id AND user_id =param_user_id AND marker_type = param_marker_type
     AND stroke_color = param_stroke_color AND background_color = param_background_color AND x = param_x AND y = param_y
     AND xradius = param_xradius AND yradius = param_yradius;
END SP_CREATE_MARKER;

/
--------------------------------------------------------
--  DDL for Procedure SP_CREATE_SHARE
--------------------------------------------------------
set define off;

  CREATE OR REPLACE EDITIONABLE PROCEDURE "MIZRAHI"."SP_CREATE_SHARE" 
(
  PARAM_DOC_ID IN VARCHAR2 
, PARAM_USER_ID IN VARCHAR2 
, PARAM_RETVAL OUT SYS_REFCURSOR
) AS 
BEGIN
INSERT INTO shared_documents(DOC_ID,USER_ID)
VALUES(PARAM_DOC_ID,PARAM_USER_ID);
    OPEN  PARAM_RETVAL FOR
     SELECT *  FROM shared_documents WHERE 
        doc_id = param_doc_id AND user_id = param_user_id;
END SP_CREATE_SHARE;

/
--------------------------------------------------------
--  DDL for Procedure SP_CREATE_USER
--------------------------------------------------------
set define off;

  CREATE OR REPLACE EDITIONABLE PROCEDURE "MIZRAHI"."SP_CREATE_USER" 
(
  PARAM_USER_ID IN VARCHAR2 
, PARAM_USER_NAME IN VARCHAR2 
, PARAM_RETVAL OUT SYS_REFCURSOR
) AS 
BEGIN
INSERT into users (user_id,user_name)
values(PARAM_USER_ID,PARAM_USER_NAME);
    OPEN  PARAM_RETVAL FOR
    SELECT *  FROM users WHERE user_id = param_user_id AND user_name=param_user_name AND removed=0 ;
END SP_CREATE_USER;

/
--------------------------------------------------------
--  DDL for Procedure SP_GET_DOCUMENT
--------------------------------------------------------
set define off;

  CREATE OR REPLACE EDITIONABLE PROCEDURE "MIZRAHI"."SP_GET_DOCUMENT" 
(
  PARAM_DOC_ID IN VARCHAR2 
, PARAM_RETVAL OUT SYS_REFCURSOR
) AS 
BEGIN
    OPEN  PARAM_RETVAL FOR
    SELECT * FROM documents WHERE doc_id = param_doc_id;
END SP_GET_DOCUMENT;

/
--------------------------------------------------------
--  DDL for Procedure SP_GET_DOCUMENTS
--------------------------------------------------------
set define off;

  CREATE OR REPLACE EDITIONABLE PROCEDURE "MIZRAHI"."SP_GET_DOCUMENTS" 
(
  PARAM_USER_ID IN VARCHAR2 
, PARAM_RETVAL OUT SYS_REFCURSOR
) AS 
BEGIN
    OPEN  PARAM_RETVAL FOR
        SELECT * FROM documents d
        WHERE d.user_id = PARAM_USER_ID or d.doc_id in ( select doc_id from shared_documents
        where user_id = PARAM_USER_ID ) ;
END SP_GET_DOCUMENTS;

/
--------------------------------------------------------
--  DDL for Procedure SP_GET_MARKER
--------------------------------------------------------
set define off;

  CREATE OR REPLACE EDITIONABLE PROCEDURE "MIZRAHI"."SP_GET_MARKER" 
(
  PARAM_MARKER_ID IN VARCHAR2 
,  PARAM_RETVAL OUT SYS_REFCURSOR
) AS 
BEGIN
    OPEN param_retval FOR
        SELECT * FROM documents_markers
        WHERE marker_id = param_marker_id;
END SP_GET_MARKER;

/
--------------------------------------------------------
--  DDL for Procedure SP_GET_MARKERS
--------------------------------------------------------
set define off;

  CREATE OR REPLACE EDITIONABLE PROCEDURE "MIZRAHI"."SP_GET_MARKERS" 
(
  PARAM_DOC_ID IN VARCHAR2 
,  PARAM_RETVAL OUT SYS_REFCURSOR
) AS 
BEGIN
    OPEN param_retval FOR
        SELECT * FROM documents_markers
        WHERE doc_id = param_doc_id;
        
END SP_GET_MARKERS;

/
--------------------------------------------------------
--  DDL for Procedure SP_GET_SHARED_DOCUMENTS
--------------------------------------------------------
set define off;

  CREATE OR REPLACE EDITIONABLE PROCEDURE "MIZRAHI"."SP_GET_SHARED_DOCUMENTS" 
(
  PARAM_USER_ID IN VARCHAR2 
, PARAM_RETVAL OUT SYS_REFCURSOR
) AS 
BEGIN
    OPEN  PARAM_RETVAL FOR
        SELECT * FROM shared_documents
        WHERE user_id = param_user_id;
END SP_GET_SHARED_DOCUMENTS;

/
--------------------------------------------------------
--  DDL for Procedure SP_GET_SHARED_USERS
--------------------------------------------------------
set define off;

  CREATE OR REPLACE EDITIONABLE PROCEDURE "MIZRAHI"."SP_GET_SHARED_USERS" 
(
  PARAM_DOC_ID IN VARCHAR2 
, PARAM_RETVAL OUT SYS_REFCURSOR
) AS 
BEGIN
    OPEN  PARAM_RETVAL FOR
        SELECT * FROM shared_documents
        WHERE doc_id = param_doc_id;
END SP_GET_SHARED_USERS;

/
--------------------------------------------------------
--  DDL for Procedure SP_GET_USER
--------------------------------------------------------
set define off;

  CREATE OR REPLACE EDITIONABLE PROCEDURE "MIZRAHI"."SP_GET_USER" 
(
  PARAM_USER_ID IN VARCHAR2 
  ,PARAM_RETVAL OUT SYS_REFCURSOR
) AS 
BEGIN
    OPEN  PARAM_RETVAL FOR
        SELECT * FROM users WHERE user_id=param_user_id;
END SP_GET_USER;

/
--------------------------------------------------------
--  DDL for Procedure SP_GET_USERS
--------------------------------------------------------
set define off;

  CREATE OR REPLACE EDITIONABLE PROCEDURE "MIZRAHI"."SP_GET_USERS" 
(
  PARAM_RETVAL OUT SYS_REFCURSOR
) AS 
BEGIN
    OPEN  PARAM_RETVAL FOR
        SELECT * FROM users;
END SP_GET_USERS;

/
--------------------------------------------------------
--  DDL for Procedure SP_LOGIN
--------------------------------------------------------
set define off;

  CREATE OR REPLACE EDITIONABLE PROCEDURE "MIZRAHI"."SP_LOGIN" 
(
  PARAM_USER_ID IN VARCHAR2 
, PARAM_USER_NAME IN VARCHAR2 
, PARAM_RETVAL OUT SYS_REFCURSOR
) AS 
BEGIN
    OPEN PARAM_RETVAL FOR
        SELECT *  FROM users WHERE user_id = param_user_id AND user_name=param_user_name AND removed=0 ;
END SP_LOGIN;

/
--------------------------------------------------------
--  DDL for Procedure SP_REMOVE_DOCUMENT
--------------------------------------------------------
set define off;

  CREATE OR REPLACE EDITIONABLE PROCEDURE "MIZRAHI"."SP_REMOVE_DOCUMENT" 
(
  PARAM_DOC_ID IN VARCHAR2 
, PARAM_RETVAL OUT SYS_REFCURSOR
) AS 
BEGIN
DELETE FROM documents WHERE doc_id = param_doc_id;
 OPEN PARAM_RETVAL FOR
  SELECT * FROM documents WHERE doc_id = param_doc_id;
END SP_REMOVE_DOCUMENT;

/
--------------------------------------------------------
--  DDL for Procedure SP_REMOVE_MARKER
--------------------------------------------------------
set define off;

  CREATE OR REPLACE EDITIONABLE PROCEDURE "MIZRAHI"."SP_REMOVE_MARKER" 
(
  PARAM_MARKER_ID IN VARCHAR2
  , PARAM_RETVAL OUT SYS_REFCURSOR
) AS 
BEGIN
DELETE FROM documents_markers WHERE marker_id = param_marker_id;
  OPEN PARAM_RETVAL FOR
  SELECT * FROM documents_markers WHERE marker_id = param_marker_id;
END SP_REMOVE_MARKER;

/
--------------------------------------------------------
--  DDL for Procedure SP_REMOVE_SHARE
--------------------------------------------------------
set define off;

  CREATE OR REPLACE EDITIONABLE PROCEDURE "MIZRAHI"."SP_REMOVE_SHARE" 
(
  PARAM_DOC_ID IN VARCHAR2 
, PARAM_USER_ID IN VARCHAR2 
, PARAM_RETVAL OUT SYS_REFCURSOR
) AS 
BEGIN
    DELETE FROM shared_documents WHERE doc_id = param_doc_id AND user_id = param_user_id;
      OPEN PARAM_RETVAL FOR
        SELECT * FROM shared_documents WHERE doc_id = param_doc_id AND user_id = param_user_id;
END  SP_REMOVE_SHARE;

/
--------------------------------------------------------
--  DDL for Procedure SP_UNSUBSCRIBE
--------------------------------------------------------
set define off;

  CREATE OR REPLACE EDITIONABLE PROCEDURE "MIZRAHI"."SP_UNSUBSCRIBE" 
(
  PARAM_USER_ID IN VARCHAR2 
, PARAM_USER_NAME IN VARCHAR2 
, PARAM_RETVAL OUT SYS_REFCURSOR
) AS 
BEGIN
    UPDATE USERS
    SET removed = 1
    WHERE user_id = PARAM_USER_ID AND user_name=PARAM_USER_NAME;
    OPEN PARAM_RETVAL FOR
        SELECT USER_ID  FROM users WHERE user_id = param_user_id AND user_name=param_user_name AND removed=1;
END SP_UNSUBSCRIBE;

/
--------------------------------------------------------
--  Constraints for Table USERS
--------------------------------------------------------

  ALTER TABLE "MIZRAHI"."USERS" MODIFY ("USER_ID" NOT NULL ENABLE);
  ALTER TABLE "MIZRAHI"."USERS" ADD CONSTRAINT "USERS_PK" PRIMARY KEY ("USER_ID")
  USING INDEX PCTFREE 10 INITRANS 2 MAXTRANS 255 COMPUTE STATISTICS 
  STORAGE(INITIAL 65536 NEXT 1048576 MINEXTENTS 1 MAXEXTENTS 2147483645
  PCTINCREASE 0 FREELISTS 1 FREELIST GROUPS 1
  BUFFER_POOL DEFAULT FLASH_CACHE DEFAULT CELL_FLASH_CACHE DEFAULT)
  TABLESPACE "USERS"  ENABLE;
  ALTER TABLE "MIZRAHI"."USERS" MODIFY ("REMOVED" NOT NULL ENABLE);
--------------------------------------------------------
--  Constraints for Table DOCUMENTS
--------------------------------------------------------

  ALTER TABLE "MIZRAHI"."DOCUMENTS" MODIFY ("DOC_ID" NOT NULL ENABLE);
  ALTER TABLE "MIZRAHI"."DOCUMENTS" ADD CONSTRAINT "DOCUMENTS_PK" PRIMARY KEY ("DOC_ID")
  USING INDEX PCTFREE 10 INITRANS 2 MAXTRANS 255 COMPUTE STATISTICS 
  STORAGE(INITIAL 65536 NEXT 1048576 MINEXTENTS 1 MAXEXTENTS 2147483645
  PCTINCREASE 0 FREELISTS 1 FREELIST GROUPS 1
  BUFFER_POOL DEFAULT FLASH_CACHE DEFAULT CELL_FLASH_CACHE DEFAULT)
  TABLESPACE "USERS"  ENABLE;
--------------------------------------------------------
--  Constraints for Table SHARED_DOCUMENTS
--------------------------------------------------------

  ALTER TABLE "MIZRAHI"."SHARED_DOCUMENTS" MODIFY ("DOC_ID" NOT NULL ENABLE);
  ALTER TABLE "MIZRAHI"."SHARED_DOCUMENTS" MODIFY ("USER_ID" NOT NULL ENABLE);
  ALTER TABLE "MIZRAHI"."SHARED_DOCUMENTS" ADD CONSTRAINT "SHARED_DOCUMENTS_PK" PRIMARY KEY ("DOC_ID", "USER_ID")
  USING INDEX PCTFREE 10 INITRANS 2 MAXTRANS 255 COMPUTE STATISTICS 
  STORAGE(INITIAL 65536 NEXT 1048576 MINEXTENTS 1 MAXEXTENTS 2147483645
  PCTINCREASE 0 FREELISTS 1 FREELIST GROUPS 1
  BUFFER_POOL DEFAULT FLASH_CACHE DEFAULT CELL_FLASH_CACHE DEFAULT)
  TABLESPACE "USERS"  ENABLE;
--------------------------------------------------------
--  Constraints for Table DOCUMENTS_MARKERS
--------------------------------------------------------

  ALTER TABLE "MIZRAHI"."DOCUMENTS_MARKERS" MODIFY ("DOC_ID" NOT NULL ENABLE);
  ALTER TABLE "MIZRAHI"."DOCUMENTS_MARKERS" MODIFY ("MARKER_ID" NOT NULL ENABLE);
  ALTER TABLE "MIZRAHI"."DOCUMENTS_MARKERS" MODIFY ("USER_ID" NOT NULL ENABLE);
  ALTER TABLE "MIZRAHI"."DOCUMENTS_MARKERS" ADD CONSTRAINT "DOCUMENTS_MARKERS_PK" PRIMARY KEY ("MARKER_ID")
  USING INDEX PCTFREE 10 INITRANS 2 MAXTRANS 255 COMPUTE STATISTICS 
  STORAGE(INITIAL 65536 NEXT 1048576 MINEXTENTS 1 MAXEXTENTS 2147483645
  PCTINCREASE 0 FREELISTS 1 FREELIST GROUPS 1
  BUFFER_POOL DEFAULT FLASH_CACHE DEFAULT CELL_FLASH_CACHE DEFAULT)
  TABLESPACE "USERS"  ENABLE;
--------------------------------------------------------
--  Ref Constraints for Table DOCUMENTS
--------------------------------------------------------

  ALTER TABLE "MIZRAHI"."DOCUMENTS" ADD CONSTRAINT "DOCUMENTS_FK1" FOREIGN KEY ("USER_ID")
	  REFERENCES "MIZRAHI"."USERS" ("USER_ID") ON DELETE CASCADE ENABLE;
--------------------------------------------------------
--  Ref Constraints for Table DOCUMENTS_MARKERS
--------------------------------------------------------

  ALTER TABLE "MIZRAHI"."DOCUMENTS_MARKERS" ADD CONSTRAINT "DOCUMENTS_MARKERS_FK1" FOREIGN KEY ("DOC_ID")
	  REFERENCES "MIZRAHI"."DOCUMENTS" ("DOC_ID") ON DELETE CASCADE ENABLE;
  ALTER TABLE "MIZRAHI"."DOCUMENTS_MARKERS" ADD CONSTRAINT "DOCUMENTS_MARKERS_FK2" FOREIGN KEY ("USER_ID")
	  REFERENCES "MIZRAHI"."USERS" ("USER_ID") ON DELETE CASCADE ENABLE;
--------------------------------------------------------
--  Ref Constraints for Table SHARED_DOCUMENTS
--------------------------------------------------------

  ALTER TABLE "MIZRAHI"."SHARED_DOCUMENTS" ADD CONSTRAINT "SHARED_DOCUMENTS_FK1" FOREIGN KEY ("DOC_ID")
	  REFERENCES "MIZRAHI"."DOCUMENTS" ("DOC_ID") ON DELETE CASCADE ENABLE;
  ALTER TABLE "MIZRAHI"."SHARED_DOCUMENTS" ADD CONSTRAINT "SHARED_DOCUMENTS_FK2" FOREIGN KEY ("USER_ID")
	  REFERENCES "MIZRAHI"."USERS" ("USER_ID") ON DELETE CASCADE ENABLE;
